Country/Region,unit,1850,1851,1852,1853,1854,1855,1856,1857,1858,1859,1860,1861,1862,1863,1864,1865,1866,1867,1868,1869,1870,1871,1872,1873,1874,1875,1876,1877,1878,1879,1880,1881,1882,1883,1884,1885,1886,1887,1888,1889,1890,1891,1892,1893,1894,1895,1896,1897,1898,1899,1900,1901,1902,1903,1904,1905,1906,1907,1908,1909,1910,1911,1912,1913,1914,1915,1916,1917,1918,1919,1920,1921,1922,1923,1924,1925,1926,1927,1928,1929,1930,1931,1932,1933,1934,1935,1936,1937,1938,1939,1940,1941,1942,1943,1944,1945,1946,1947,1948,1949,1950,1951,1952,1953,1954,1955,1956,1957,1958,1959,1960,1961,1962,1963,1964,1965,1966,1967,1968,1969,1970,1971,1972,1973,1974,1975,1976,1977,1978,1979,1980,1981,1982,1983,1984,1985,1986,1987,1988,1989,1990,1991,1992,1993,1994,1995,1996,1997,1998,1999,2000,2001,2002,2003,2004,2005,2006,2007,2008,2009,2010,2011,2012,2013,2014,2015,2016,2017
Afghanistan,MtCO2e,,,,,,,,,,,,,,,,,,,,,,,,,,,,,,,,,,,,,,,,,,,,,,,,,,,,,,,,,,,,,,,,,,,,,,,,,,,,,,,,,,,,,,,,,,,,,,,,,,,,,,,,,,,,,,,,,,,,,,,,,,,,,,,,,,,,,,,,,,,,,,,,,,,,,,,,,,,,,,,,,,,,,,,,
China,MtCO2e,0,0,0,0,0,0,0,0,0,0,0,0,0,0,0,0,0,0,0,0,0,0,0,0,0,0,0,0,0,0,0,0,0,0,0,0,0,0,0,0,0,0,0,0,0,0,0.01,0.01,0.01,0.01,0.01,0.01,0.01,0.01,0.01,0.01,0.01,0.01,0.01,0.01,0.02,0.02,0.02,0.02,0.02,0.02,0.02,0.02,0.02,0.02,0.02,0.05,0.1,0.18,0.27,0.38,0.49,0.59,0.67,0.74,0.77,0.77,0.75,0.72,0.67,0.61,0.56,0.51,0.48,0.46,0.46,0.47,0.49,0.52,0.55,0.58,0.61,0.65,0.69,0.73,0.77,0.82,0.87,0.93,0.98,1.05,1.12,1.19,1.27,1.35,1.43,1.52,1.63,1.75,1.88,2.01,2.16,2.31,2.46,2.6,2.72,4.01,4.12,4.56,4.87,4.89,5.61,6.26,6.71,7,7.19,7.13,7.35,8.47,8.7,9.22,9.78,11.6,13.5,14.2,13.6,11.3,12.5,19.7,29.9,21.8,24.9,36,27.7,78.2,61.3,77.2,105,124,167,205,232,209,218,217,219,269,286,303,320,337,354,371
Bolivia,MtCO2e,,,,,,,,,,,,,,,,,,,,,,,,,,,,,,,,,,,,,,,,,,,,,,,,,,,,,,,,,,,,,,,,,,,,,,,,0,0,0,0,0,0,0,0,0,0,0,0,0,0,0,0,0,0,0,0,0,0,0,0,0,0,0,0,0,0,0,0,0,0,0,0,0,0,0,0,0,0,0,0,0,0,0,0,0,0,0,0,0,0,0,0,0,0,0.01,0.01,0.01,0.01,0.01,0.01,0.01,0.01,0.01,0.01,0.01,0.01,0.01,0.01,0.01,0.02,4.89,15.6,26.3,31.2,29.5,25.8,17.6,11.4,14.7,24.6,28.6,30.5,32.4,34.3,36.2,38,39.9,41.8,43.7,45.6,47.5,49.4,51.3
Canada,MtCO2e,0.01,0.01,0.01,0.01,0.01,0.01,0.01,0.01,0.01,0.01,0.01,0.01,0.01,0.01,0.01,0.01,0.01,0.01,0.01,0.01,0.01,0.01,0.01,0.01,0.01,0.01,0.01,0.01,0.01,0.01,0.01,0.01,0.01,0.01,0.01,0.01,0.01,0.01,0.01,0.01,0.01,0.01,0.01,0.01,0.02,0.02,0.03,0.04,0.04,0.05,0.05,0.05,0.06,0.06,0.06,0.07,0.07,0.07,0.07,0.08,0.08,0.09,0.09,0.09,0.1,0.1,0.11,0.12,0.12,0.13,0.13,0.17,0.25,0.37,0.53,0.69,0.87,1.04,1.21,1.34,1.45,1.52,1.58,1.63,1.66,1.7,1.73,1.77,1.81,1.86,1.93,2.02,2.12,2.25,2.39,2.54,2.71,2.88,3.06,3.25,3.43,3.63,3.84,4.06,4.29,4.53,4.79,5.05,5.32,5.6,5.88,6.18,6.51,6.87,7.25,7.64,8.03,8.41,8.78,9.13,9.44,9.84,9.28,9.72,10.5,9.54,8.06,10.9,11.7,10.4,11.7,12.3,11.9,12.1,12.8,12.8,13,13.7,14.1,14.5,11.8,12.8,11,10.5,9.92,9.08,9.08,9.32,10.5,9.94,10.6,9.76,10.1,10.1,10.4,10.4,9.88,9.3,9.32,9.69,10.1,10.7,11.3,11.5,11.6,12.5,13.3,13.7
Brazil,MtCO2e,0,0,0,0,0,0,0,0,0,0,0,0,0,0,0,0,0,0,0,0,0,0,0,0,0,0,0,0,0,0,0,0,0,0,0,0,0,0,0,0,0,0,0,0,0,0,0,0,0,0,0,0,0,0,0,0,0,0,0,0,0,0,0,0,0,0,0,0,0,0,0,0.01,0.02,0.03,0.05,0.07,0.08,0.1,0.12,0.13,0.13,0.13,0.13,0.12,0.1,0.09,0.08,0.07,0.06,0.05,0.05,0.05,0.06,0.06,0.06,0.07,0.07,0.08,0.08,0.09,0.1,0.1,0.11,0.12,0.13,0.13,0.14,0.15,0.17,0.18,0.19,0.2,0.22,0.24,0.26,0.28,0.3,0.33,0.35,0.38,0.53,0.56,0.63,0.86,0.93,0.97,1.17,1.39,1.56,1.84,2.14,2.08,2.06,2.62,2.67,3.24,3.72,3.91,4.28,4.49,4.45,4.98,5.55,5.56,5.34,5.04,4.14,3.66,2.84,3.96,2.4,2.53,3.09,3.43,4.09,4.4,5.79,6.57,7.33,7.53,8.95,8.27,9.13,9.94,10.7,11.6,12,12.7
Australia,MtCO2e,0,0,0,0,0,0,0,0,0,0,0,0,0,0,0,0,0,0,0,0,0,0,0,0,0,0,0,0,0,0,0,0,0,0,0,0,0,0,0,0,0,0,0,0,0,0.01,0.01,0.01,0.01,0.01,0.01,0.01,0.01,0.01,0.02,0.02,0.02,0.02,0.02,0.02,0.02,0.02,0.02,0.02,0.02,0.03,0.03,0.03,0.03,0.03,0.03,0.04,0.07,0.11,0.16,0.22,0.28,0.33,0.38,0.42,0.45,0.47,0.48,0.48,0.48,0.47,0.47,0.47,0.47,0.47,0.49,0.51,0.53,0.55,0.58,0.6,0.63,0.66,0.7,0.73,0.77,0.81,0.85,0.9,0.95,1,1.06,1.12,1.18,1.24,1.31,1.38,1.46,1.55,1.65,1.75,1.85,1.95,2.05,2.14,2.09,2.6,2.56,2.62,2.69,2.76,2.87,3.12,3.43,3.32,3.23,3.73,3.19,3.09,4.14,5,4.98,5.19,5.65,6.33,6.25,6.27,6.19,5.42,3.49,2.85,2.11,2.2,2.9,2.72,3.11,4.33,4.88,5.49,6.21,6.99,6.04,6.82,7.47,8.61,9.04,9.59,9.5,10.2,11.1,12.1,12.4,12.6
Czech Republic,MtCO2e,0,0,0,0,0,0,0,0,0,0,0,0,0,0,0,0,0,0,0,0,0,0,0,0,0,0,0,0,0,0,0,0,0,0,0,0,0,0,0,0,0,0,0,0,0,0,0,0,0,0,0,0,0,0,0,0,0,0,0,0,0,0,0,0,0,0,0,0,0,0,0,0,0,0,0,0,0,0,0,0,0,0,0,0,0,0,0,0,0,0,0,0,0,0,0,0.01,0.01,0.01,0.01,0.02,0.02,0.02,0.02,0.03,0.03,0.03,0.03,0.03,0.04,0.04,0.04,0.04,0.04,0.04,0.05,0.05,0.05,0.05,0.05,0.06,0.06,0.06,0.06,0.06,0.06,0.06,0.06,0.06,0.07,0.07,0.07,0.07,0.07,0.07,0.07,0.08,0.08,0.08,0.08,0.08,0.08,0.08,0.09,0.09,0.1,0.12,0.19,0.29,0.36,0.42,0.56,0.67,0.82,0.97,1.06,1.16,1.44,1.84,2.14,2.23,2.51,2.74,2.86,3,3.19,3.4,3.54,3.72
Belgium,MtCO2e,0,0,0,0,0,0,0,0,0,0,0,0,0,0,0,0,0,0,0,0,0,0,0,0,0,0,0,0,0,0,0,0,0,0,0,0,0,0,0,0,0,0,0,0,0,0,0,0,0,0,0,0,0,0,0,0,0,0,0,0,0,0.01,0.01,0.01,0.01,0.01,0.01,0.01,0.01,0.01,0.01,0.01,0.01,0.02,0.02,0.03,0.04,0.05,0.06,0.06,0.07,0.07,0.08,0.08,0.09,0.09,0.1,0.1,0.1,0.11,0.11,0.12,0.12,0.13,0.14,0.15,0.15,0.16,0.17,0.18,0.19,0.2,0.21,0.23,0.24,0.25,0.27,0.28,0.29,0.31,0.32,0.34,0.36,0.38,0.4,0.42,0.44,0.46,0.47,0.49,0.5,0.68,0.93,1.95,1.82,1.31,1.46,1.84,1.5,1.89,1.59,1.67,1.81,2.08,2.43,2.51,2.69,3.16,3.27,3.4,3.95,3.93,4.46,4.31,5.11,5.55,5.41,2.78,2.01,1.53,1.74,1.64,1.68,2.01,2.2,2.07,2.2,2.45,2.61,2.67,2.76,3,3.17,3.33,3.3,3.28,3.59,3.07
Chile,MtCO2e,0,0,0,0,0,0,0,0,0,0,0,0,0,0,0,0,0,0,0,0,0,0,0,0,0,0,0,0,0,0,0,0,0,0,0,0,0,0,0,0,0,0,0,0,0,0,0,0,0,0,0,0,0,0,0,0,0,0,0,0,0,0,0,0,0,0,0,0,0,0,0,0,0,0,0,0,0,0,0,0,0,0,0,0,0,0,0,0,0,0,0,0,0,0,0,0,0,0,0,0,0,0,0,0,0,0,0,0,0,0,0,0,0,0.01,0.01,0.01,0.01,0.01,0.01,0.01,0.01,0.01,0.01,0.01,0.01,0.01,0.01,0.08,0.06,0.08,0.08,0.06,0.07,0.05,0.05,0.05,0.06,0.04,0.05,0.05,0.08,0.15,0.12,0.11,0.09,0.11,0.1,0.1,0.17,0.29,0.13,0.19,0.36,0.49,0.41,0.54,0.63,0.79,0.94,1.11,1.29,1.51,1.82,2.15,2.49,2.85,3.21,2.98
Austria,MtCO2e,0,0,0,0,0,0,0,0,0,0,0,0,0,0,0,0,0,0,0,0,0,0,0,0,0,0,0,0,0,0,0,0,0,0,0,0,0,0,0,0,0,0,0,0,0,0,0,0,0,0,0,0.01,0.01,0.01,0.01,0.01,0.01,0.01,0.01,0.01,0.01,0.01,0.01,0.01,0.01,0.01,0.01,0.01,0.01,0.01,0.01,0.01,0.02,0.03,0.04,0.05,0.06,0.07,0.09,0.1,0.1,0.11,0.12,0.13,0.13,0.14,0.15,0.15,0.16,0.17,0.17,0.18,0.19,0.2,0.21,0.22,0.23,0.24,0.25,0.26,0.27,0.28,0.3,0.32,0.33,0.35,0.37,0.39,0.41,0.43,0.45,0.47,0.49,0.52,0.55,0.58,0.61,0.63,0.66,0.68,0.7,0.72,0.68,0.73,0.74,0.74,0.77,0.82,0.82,0.86,0.86,0.86,0.87,0.91,1.27,1.29,1.31,1.4,1.51,1.53,1.66,1.81,1.17,1.04,1.26,1.54,1.68,1.72,1.54,1.46,1.39,1.62,1.7,1.77,1.83,1.83,1.81,1.86,1.88,1.69,1.9,1.8,1.86,1.88,1.96,1.99,2.08,2.18
Colombia,MtCO2e,0,0,0,0,0,0,0,0,0,0,0,0,0,0,0,0,0,0,0,0,0,0,0,0,0,0,0,0,0,0,0,0,0,0,0,0,0,0,0,0,0,0,0,0,0,0,0,0,0,0,0,0,0,0,0,0,0,0,0,0,0,0,0,0,0,0,0,0,0,0,0,0,0,0,0,0,0,0,0,0,0,0,0,0,0,0,0,0,0,0,0,0,0,0,0,0,0,0,0,0,0,0,0,0,0,0,0,0,0,0,0,0,0,0,0,0,0,0,0,0,0,0,0,0.01,0.01,0.01,0.01,0.01,0.02,0.02,0.03,0.05,0.06,0.06,0.07,0.08,0.07,0.06,0.05,0.04,0.04,0.04,0.04,0.04,0.05,0.05,0.05,0.05,0.05,0.05,0.05,0.13,0.18,0.23,0.29,0.4,0.48,0.56,0.7,0.84,1.05,1.18,1.41,1.8,2.29,1.89,2.03,2.17
Azerbaijan,MtCO2e,0,0,0,0,0,0,0,0,0,0,0,0,0,0,0,0,0,0,0,0,0,0,0,0,0,0,0,0,0,0,0,0,0,0,0,0,0,0,0,0,0,0,0,0,0,0,0,0,0,0,0,0,0,0,0,0,0,0,0,0,0,0,0,0,0,0,0,0,0,0,0,0,0.01,0.01,0.01,0.02,0.02,0.02,0.03,0.03,0.03,0.04,0.04,0.04,0.04,0.05,0.05,0.05,0.05,0.06,0.06,0.06,0.06,0.06,0.07,0.07,0.07,0.08,0.08,0.08,0.09,0.09,0.1,0.1,0.1,0.11,0.12,0.12,0.13,0.14,0.14,0.15,0.16,0.17,0.17,0.18,0.19,0.2,0.21,0.22,0.24,0.25,0.27,0.29,0.31,0.33,0.34,0.35,0.36,0.38,0.38,0.39,0.41,0.45,0.45,0.48,0.51,0.55,0.64,0.66,0.52,0.47,0.37,0.28,0.18,0.11,0.11,0.18,0.28,0.39,0.56,0.56,0.58,0.72,0.85,0.97,1.05,1.22,1.33,1.35,1.48,1.38,1.48,1.61,1.73,1.82,1.91,1.99
Bulgaria,MtCO2e,0,0,0,0,0,0,0,0,0,0,0,0,0,0,0,0,0,0,0,0,0,0,0,0,0,0,0,0,0,0,0,0,0,0,0,0,0,0,0,0,0,0,0,0,0,0,0,0,0,0,0,0,0,0,0,0,0,0,0,0,0,0,0,0,0,0,0,0,0,0,0,0,0,0,0,0,0,0,0,0,0,0,0,0,0,0,0,0,0,0,0,0,0,0,0,0,0,0,0,0,0,0,0,0,0,0,0,0,0,0,0,0,0,0,0,0,0,0,0,0,0,0,0,0,0,0,0,0,0,0,0,0,0,0,0,0,0,0,0,0,0,0,0,0,0.01,0.01,0.01,0.01,0.02,0.03,0.04,0.05,0.07,0.09,0.13,0.2,0.31,0.4,0.64,0.65,0.68,0.77,0.84,0.99,1.12,1.24,1.42,1.84
Bosnia and Herzegovina,MtCO2e,0,0,0,0,0,0,0,0,0,0,0,0,0,0,0,0,0,0,0,0,0,0,0,0,0,0,0,0,0,0,0,0,0,0,0,0,0,0,0,0,0,0,0,0,0,0,0,0,0,0,0,0,0,0,0,0,0,0,0,0,0,0,0,0,0,0,0,0,0,0,0,0,0,0.01,0.01,0.01,0.01,0.02,0.02,0.02,0.03,0.03,0.03,0.03,0.03,0.03,0.04,0.04,0.04,0.04,0.04,0.04,0.05,0.05,0.05,0.05,0.05,0.06,0.06,0.06,0.06,0.07,0.07,0.07,0.08,0.08,0.09,0.09,0.1,0.1,0.1,0.11,0.12,0.12,0.13,0.14,0.14,0.15,0.15,0.16,0.16,0.42,0.24,0.3,0.49,0.56,0.65,0.42,0.42,0.55,0.53,0.57,0.78,0.92,1,0.97,0.85,0.81,0.86,0.84,0.73,0.64,0.4,0.2,0.13,0.11,0.11,0.15,0.23,0.45,0.48,0.39,0.32,0.41,0.54,0.66,0.73,0.79,0.87,0.91,1.02,1.02,1.08,1.14,1.21,1.27,1.33,1.39
Belarus,MtCO2e,0,0,0,0,0,0,0,0,0,0,0,0,0,0,0,0,0,0,0,0,0,0,0,0,0,0,0,0,0,0,0,0,0,0,0,0,0,0,0,0,0,0,0,0,0,0,0,0,0,0,0,0,0,0,0,0,0,0,0,0,0,0,0,0,0,0,0,0,0,0,0,0,0,0,0,0,0,0,0,0,0,0,0,0,0,0,0,0,0,0,0,0,0,0,0,0,0,0,0,0,0,0,0,0,0,0,0,0,0,0,0,0,0,0,0,0,0,0,0,0,0,0,0,0,0,0,0,0,0,0,0,0,0,0,0,0,0,0,0,0,0,0,0.01,0.01,0.01,0.03,0.04,0.06,0.09,0.12,0.15,0.19,0.24,0.3,0.41,0.54,0.58,0.66,0.74,0.78,0.86,0.89,0.95,1.01,1.08,1.14,1.2,1.27
Algeria,MtCO2e,,,,,,,,,,,,,,,,,,,,,,,,,,,,,,,,,,,,,,,,,,,,,,,,,,,,,,,,,,,,,,,,,,,,,,,,0,0,0,0,0,0,0,0,0,0,0,0,0,0,0,0,0,0,0,0,0,0,0,0,0,0,0,0,0,0,0,0,0,0,0,0,0,0,0,0,0,0,0,0,0,0,0,0,0,0,0,0,0,0,0,0.01,0.01,0.02,0.03,0.04,0.08,0.08,0.09,0.1,0.1,0.14,0.17,0.21,0.26,0.31,0.22,0.19,0.16,0.13,0.11,0.15,0.18,0.24,0.3,0.36,0.39,0.41,0.43,0.47,0.5,0.54,0.59,0.63,0.69,0.74,0.77,0.81,0.85,0.89,0.93,0.97,1.02
Argentina,MtCO2e,0,0,0,0,0,0,0,0,0,0,0,0,0,0,0,0,0,0,0,0,0,0,0,0,0,0,0,0,0,0,0,0,0,0,0,0,0,0,0,0,0,0,0,0,0,0,0,0,0,0,0,0,0,0,0,0,0,0,0,0,0,0,0,0,0,0,0,0,0,0,0,0,0,0.01,0.01,0.01,0.02,0.02,0.02,0.02,0.02,0.02,0.02,0.02,0.02,0.01,0.01,0.01,0.01,0.01,0,0,0.01,0.01,0.01,0.01,0.01,0.01,0.01,0.01,0.01,0.01,0.01,0.01,0.02,0.02,0.02,0.02,0.02,0.02,0.02,0.03,0.03,0.03,0.04,0.04,0.04,0.05,0.05,0.06,0.07,0.08,0.08,0.1,0.11,0.11,0.15,0.17,0.19,0.24,0.26,0.27,0.27,0.3,0.32,0.33,0.36,0.38,0.43,0.47,0.53,0.47,0.46,0.49,0.54,0.52,0.55,0.6,0.58,0.56,0.6,0.59,0.62,0.68,0.73,0.81,0.84,0.88,0.84,0.71,0.84,0.9,0.85,0.91,0.92,0.96,0.98,1.01
Armenia,MtCO2e,0,0,0,0,0,0,0,0,0,0,0,0,0,0,0,0,0,0,0,0,0,0,0,0,0,0,0,0,0,0,0,0,0,0,0,0,0,0,0,0,0,0,0,0,0,0,0,0,0,0,0,0,0,0,0,0,0,0,0,0,0,0,0,0,0,0,0,0,0,0,0,0,0,0.01,0.01,0.01,0.02,0.02,0.02,0.02,0.03,0.03,0.03,0.03,0.03,0.03,0.04,0.04,0.04,0.04,0.04,0.04,0.05,0.05,0.05,0.05,0.05,0.06,0.06,0.06,0.06,0.07,0.07,0.07,0.08,0.08,0.09,0.09,0.1,0.1,0.1,0.11,0.12,0.12,0.13,0.14,0.14,0.15,0.16,0.16,0.18,0.19,0.2,0.22,0.23,0.24,0.26,0.26,0.27,0.28,0.28,0.29,0.3,0.25,0.07,0,0,0,0,0,0,0,0,0,0,0.01,0.01,0.02,0.03,0.03,0.05,0.07,0.11,0.17,0.25,0.38,0.41,0.47,0.54,0.59,0.65,0.66,0.71,0.76,0.81,0.86,0.91,0.96
Brunei,MtCO2e,,,,,,,,,,,,,,,,,,,,,,,,,,,,,,,,,,,,,,,,,,,,,,,,,,,,,,,,,,,,,,,,,,,,,,,,0,0,0,0,0,0,0,0,0,0,0,0,0,0,0,0,0,0,0,0,0,0,0,0,0,0,0,0,0,0,0,0,0,0,0,0,0,0,0,0,0,0,0,0,0,0,0,0,0,0,0,0,0,0,0,0,0,0,0,0,0,0,0,0,0,0,0,0,0,0,0,0,0,0,0.01,0.02,0.03,0.04,0.06,0.11,0.14,0.18,0.22,0.26,0.29,0.34,0.37,0.41,0.45,0.49,0.51,0.55,0.58,0.62,0.66,0.69,0.73
Denmark,MtCO2e,0,0,0,0,0,0,0,0,0,0,0,0,0,0,0,0,0,0,0,0,0,0,0,0,0,0,0,0,0,0,0,0,0,0,0,0,0,0,0,0,0,0,0,0,0,0,0,0,0,0,0,0,0,0,0,0,0,0,0,0,0,0,0,0,0,0,0,0,0,0,0,0,0,0,0,0,0,0,0,0,0,0,0,0,0,0,0,0,0,0,0,0,0,0,0,0,0,0,0,0,0,0,0,0,0,0,0,0,0,0,0,0,0,0,0,0,0,0,0,0,0,0.01,0,0.01,0,0.01,0.01,0.01,0.02,0.02,0.02,0.02,0.02,0.03,0.03,0.03,0.04,0.04,0.04,0.04,0.04,0.06,0.09,0.21,0.28,0.36,0.46,0.47,0.6,0.76,0.85,0.82,0.85,0.87,0.93,0.96,1,1.03,1.03,1.06,0.91,0.86,0.91,0.86,0.81,0.64,0.67,0.55
Croatia,MtCO2e,0,0,0,0,0,0,0,0,0,0,0,0,0,0,0,0,0,0,0,0,0,0,0,0,0,0,0,0,0,0,0,0,0,0,0,0,0,0,0,0,0,0,0,0,0,0,0,0,0,0,0,0,0,0,0,0,0,0,0,0,0,0,0,0,0,0,0,0,0,0,0,0.01,0.01,0.01,0.01,0.02,0.02,0.03,0.03,0.03,0.04,0.04,0.04,0.05,0.05,0.05,0.05,0.06,0.06,0.06,0.06,0.07,0.07,0.07,0.07,0.08,0.08,0.08,0.09,0.09,0.1,0.1,0.1,0.11,0.12,0.12,0.13,0.14,0.14,0.15,0.15,0.16,0.17,0.18,0.19,0.2,0.21,0.22,0.23,0.24,0.23,0.62,0.36,0.45,0.72,0.82,0.96,0.62,0.63,0.82,0.79,0.85,1.16,1.26,1.33,1.38,1.42,1.37,1.25,1.22,1.25,0.86,0.45,0.42,0.43,0.48,0.53,0.49,0.39,0.39,0.41,0.41,0.4,0.42,0.43,0.43,0.43,0.43,0.4,0.35,0.39,0.41,0.41,0.47,0.48,0.49,0.49,0.49
Cuba,MtCO2e,,,,,,,,,,,,,,,,,,,,,,,,,,,,,,,,,,,,,,,,,,,,,,,,,,,,,,,,,,,,,,,,,,,,,,,,0,0,0,0,0,0,0,0,0,0,0,0,0,0,0,0,0,0,0,0,0,0,0,0,0,0,0,0,0,0,0,0,0,0,0,0,0,0,0,0,0,0,0,0,0,0,0,0,0,0,0,0,0,0,0,0,0,0,0,0,0,0,0,0,0,0,0,0,0,0,0,0,0,0,0.01,0.01,0.02,0.02,0.03,0.04,0.06,0.08,0.1,0.12,0.15,0.17,0.19,0.21,0.24,0.26,0.27,0.28,0.3,0.32,0.34,0.36,0.38
Bahrain,MtCO2e,,,,,,,,,,,,,,,,,,,,,,,,,,,,,,,,,,,,,,,,,,,,,,,,,,,,,,,,,,,,,,,,,,,,,,,,,,,,,,,,,,,,,,,,,,,,,,,,,,,,,,,,,,,,,,,,,,,,,,,,,,0.14,1.74,1.45,1.67,1.64,1.72,1.71,1.74,1.78,1.78,1.84,2.42,2.43,2.5,2.47,2.53,2.56,2.59,2.64,3.01,0.46,0.51,0.58,0.39,0.36,0.35,0.34,0.32,0.3,0.27,0.25,0.22,0.23,0.23,0.32,0.38,0.37,0.37,0.36,0.37,0.35,0.35,0.36,0.36,0.37,0.37,0.38
Cyprus,MtCO2e,,,,,,,,,,,,,,,,,,,,,,,,,,,,,,,,,,,,,,,,,,,,,,,,,,,,,,,,,,,,,,,,,,,,,,,,0,0,0,0,0,0,0.01,0.01,0.01,0.01,0.01,0.01,0.01,0.01,0,0,0,0,0,0,0,0,0,0,0,0,0,0,0,0,0,0,0,0,0,0.01,0.01,0.01,0.01,0.01,0.01,0.01,0.01,0.01,0.01,0.01,0.01,0.02,0.02,0.02,0.02,0.02,0.02,0.03,0.03,0.03,0.04,0.04,0.04,0.04,0.05,0.05,0.05,0.05,0.06,0.06,0.06,0.06,0.07,0.06,0.08,0.08,0.08,0.08,0.09,0.1,0.1,0.11,0.12,0.12,0.12,0.13,0.13,0.15,0.19,0.2,0.23,0.22,0.23,0.25,0.22,0.22,0.21,0.21,0.25,0.24,0.25
Albania,MtCO2e,,,,,,,,,,,,,,,,,,,,,,,,,,,,,,,,,,,,,,,,,,,,,,,,,,,,,,,,,,,,,,,,,,,,,,,,0,0,0,0,0,0,0,0,0,0,0,0,0,0,0,0,0,0,0,0,0,0,0,0,0,0,0,0,0,0,0,0,0,0,0,0,0,0,0,0,0,0,0,0,0,0,0,0,0,0,0,0,0,0,0,0,0,0,0,0,0,0,0,0,0,0,0,0,0,0,0,0,0,0,0,0.01,0.01,0.01,0.01,0.02,0.02,0.03,0.04,0.06,0.07,0.08,0.09,0.1,0.11,0.12,0.12,0.13,0.14,0.15,0.16,0.17,0.18
Costa Rica,MtCO2e,,,,,,,,,,,,,,,,,,,,,,,,,,,,,,,,,,,,,,,,,,,,,,,,,,,,,,,,,,,,,,,,,,,,,,,,0,0,0,0,0,0,0,0,0,0,0,0,0,0,0,0,0,0,0,0,0,0,0,0,0,0,0,0,0,0,0,0,0,0,0,0,0,0,0,0,0,0,0,0,0,0,0,0,0,0,0,0,0,0,0,0,0,0,0,0,0,0,0,0,0,0,0,0,0,0,0,0,0,0,0,0.01,0.01,0.01,0.02,0.03,0.03,0.04,0.05,0.06,0.07,0.08,0.09,0.1,0.1,0.11,0.12,0.13,0.14,0.14,0.15,0.16,0.17
Cameroon,MtCO2e,0,0,0,0,0,0,0,0,0,0,0,0,0,0,0,0,0,0,0,0,0,0,0,0,0,0,0,0,0,0,0,0,0,0,0,0,0,0,0,0,0,0,0,0,0,0,0,0,0,0,0,0,0,0,0,0.01,0.01,0.01,0.01,0.01,0.01,0.01,0.01,0.01,0.01,0.01,0.01,0.01,0.01,0.01,0.01,0.01,0.02,0.02,0.03,0.04,0.05,0.06,0.07,0.08,0.09,0.09,0.1,0.1,0.11,0.12,0.12,0.13,0.13,0.14,0.14,0.15,0.16,0.16,0.17,0.18,0.18,0.19,0.2,0.21,0.22,0.23,0.24,0.25,0.27,0.28,0.29,0.31,0.32,0.34,0.36,0.37,0.4,0.42,0.44,0.46,0.49,0.51,0.53,0.55,0.55,0.53,0.43,0.46,0.49,0.54,0.6,0.59,0.43,0.51,0.45,0.82,0.8,0.67,1.56,1.02,0.64,0.99,1,1.09,1.09,1.05,0.99,1.02,0.94,0.77,0.82,0.84,0.7,0.69,0.6,0.5,0.36,0.41,0.46,0.48,0.47,0.47,0.49,0.39,0.41,0.31,0.28,0.26,0.23,0.2,0.17,0.14
Angola,MtCO2e,,,,,,,,,,,,,,,,,,,,,,,,,,,,,,,,,,,,,,,,,,,,,,,,,,,,,,,,,,,,,,,,,,,,,,,,0,0,0,0,0,0,0,0,0,0,0,0,0,0,0,0,0,0,0,0,0,0,0,0,0,0,0,0,0,0,0,0,0,0,0,0,0,0,0,0,0,0,0,0,0,0,0,0,0,0,0,0,0,0,0,0,0,0,0,0,0,0,0,0,0,0,0,0,0,0,0,0,0,0,0,0,0,0,0,0,0,0,0.01,0.01,0.02,0.02,0.03,0.03,0.03,0.04,0.04,0.04,0.04,0.05,0.05,0.05,0.05
Andorra,MtCO2e,,,,,,,,,,,,,,,,,,,,,,,,,,,,,,,,,,,,,,,,,,,,,,,,,,,,,,,,,,,,,,,,,,,,,,,,,,,,,,,,,,,,,,,,,,,,,,,,,,,,,,,,,,,,,,,,,,,,,,,,,,,,,,,,,,,,,,,,,,,,,,,,,,,0,0,0,0,0,0,0,0,0,0,0.01,0.01,0.01,0.01,0.01,0.01,0.01,0.01,0.01,0.01,0.01,0.02
Anguilla,MtCO2e,,,,,,,,,,,,,,,,,,,,,,,,,,,,,,,,,,,,,,,,,,,,,,,,,,,,,,,,,,,,,,,,,,,,,,,,,,,,,,,,,,,,,,,,,,,,,,,,,,,,,,,,,,,,,,,,,,,,,,,,,,,,,,,,,,,,,,,,,,,,,,,,,,,,,,,,,,,,,,,,,,,,,,,,
Antarctica,MtCO2e,,,,,,,,,,,,,,,,,,,,,,,,,,,,,,,,,,,,,,,,,,,,,,,,,,,,,,,,,,,,,,,,,,,,,,,,,,,,,,,,,,,,,,,,,,,,,,,,,,,,,,,,,,,,,,,,,,,,,,,,,,,,,,,,,,,,,,,,,,,,,,,,,,,,,,,,,,,,,,,,,,,,,,,,
Antigua and Barbuda,MtCO2e,,,,,,,,,,,,,,,,,,,,,,,,,,,,,,,,,,,,,,,,,,,,,,,,,,,,,,,,,,,,,,,,,,,,,,,,0,0,0,0,0,0,0,0,0,0,0,0,0,0,0,0,0,0,0,0,0,0,0,0,0,0,0,0,0,0,0,0,0,0,0,0,0,0,0,0,0,0,0,0,0,0,0,0,0,0,0,0,0,0,0,0,0,0,0,0,0,0,0,0,0,0,0,0,0,0,0,0,0,0,0,0,0,0,0,0,0,0,0.01,0.01,0.01,0.01,0.01,0.01,0.01,0.01,0.01,0.01,0.01,0.01,0.01,0.02,0.02
Aruba,MtCO2e,,,,,,,,,,,,,,,,,,,,,,,,,,,,,,,,,,,,,,,,,,,,,,,,,,,,,,,,,,,,,,,,,,,,,,,,,,,,,,,,,,,,,,,,,,,,,,,,,,,,,,,,,,,,,,,,,,,,,,,,,,,,,,,,,,,,,,,,,,,,,,,,,,,,,,,,,,,,,,,,,,,,,,,,
Bahamas,MtCO2e,,,,,,,,,,,,,,,,,,,,,,,,,,,,,,,,,,,,,,,,,,,,,,,,,,,,,,,,,,,,,,,,,,,,,,,,,,,,,,,,,,,,,,,,,,,,,,,,,,,,,,,,,,,,,,,,,,,,,,,,,,,,,,,,,,,,,,,,,,,,,,,,,,,,,,,,,,,,,,,,,,,,,,,,
Bangladesh,MtCO2e,,,,,,,,,,,,,,,,,,,,,,,,,,,,,,,,,,,,,,,,,,,,,,,,,,,,,,,,,,,,,,,,,,,,,,,,,,,,,,,,,,,,,,,,,,,,,,,,,,,,,,,,,,,,,,,,,,,,,,,,,,,,,,,,,,,,,,,,,,,,,,,,,,,,,,,,,,,,,,,,,,,,,,,,
Barbados,MtCO2e,,,,,,,,,,,,,,,,,,,,,,,,,,,,,,,,,,,,,,,,,,,,,,,,,,,,,,,,,,,,,,,,,,,,,,,,,,,,,,,,,,,,,,,,,,,,,,,,,,,,,,,,,,,,,,,,,,,,,,,,,,,,,,,,,,,,,,,,,,,,,,,,,,,,,,,,,,,,,,,,,,,,,,,,
Belize,MtCO2e,,,,,,,,,,,,,,,,,,,,,,,,,,,,,,,,,,,,,,,,,,,,,,,,,,,,,,,,,,,,,,,,,,,,,,,,,,,,,,,,,,,,,,,,,,,,,,,,,,,,,,,,,,,,,,,,,,,,,,,,,,,,,,,,,,,,,,,,,,,,,,,,,,,,,,,,,,,,,,,,,,,,,,,,
Benin,MtCO2e,,,,,,,,,,,,,,,,,,,,,,,,,,,,,,,,,,,,,,,,,,,,,,,,,,,,,,,,,,,,,,,,,,,,,,,,,,,,,,,,,,,,,,,,,,,,,,,,,,,,,,,,,,,,,,,,,,,,,,,,,,,,,,,,,,,,,,,,,,,,,,,,,,,,,,,,,,,,,,,,,,,,,,,,
Bhutan,MtCO2e,,,,,,,,,,,,,,,,,,,,,,,,,,,,,,,,,,,,,,,,,,,,,,,,,,,,,,,,,,,,,,,,,,,,,,,,,,,,,,,,,,,,,,,,,,,,,,,,,,,,,,,,,,,,,,,,,,,,,,,,,,,,,,,,,,,,,,,,,,,,,,,,,,,,,,,,,,,,,,,,,,,,,,,,
Botswana,MtCO2e,,,,,,,,,,,,,,,,,,,,,,,,,,,,,,,,,,,,,,,,,,,,,,,,,,,,,,,,,,,,,,,,,,,,,,,,,,,,,,,,,,,,,,,,,,,,,,,,,,,,,,,,,,,,,,,,,,,,,,,,,,,,,,,,,,,,,,,,,,,,,,,,,,,,,,,,,,,,,,,,,,,,,,,,
British Virgin Islands,MtCO2e,,,,,,,,,,,,,,,,,,,,,,,,,,,,,,,,,,,,,,,,,,,,,,,,,,,,,,,,,,,,,,,,,,,,,,,,,,,,,,,,,,,,,,,,,,,,,,,,,,,,,,,,,,,,,,,,,,,,,,,,,,,,,,,,,,,,,,,,,,,,,,,,,,,,,,,,,,,,,,,,,,,,,,,,
Burkina Faso,MtCO2e,,,,,,,,,,,,,,,,,,,,,,,,,,,,,,,,,,,,,,,,,,,,,,,,,,,,,,,,,,,,,,,,,,,,,,,,,,,,,,,,,,,,,,,,,,,,,,,,,,,,,,,,,,,,,,,,,,,,,,,,,,,,,,,,,,,,,,,,,,,,,,,,,,,,,,,,,,,,,,,,,,,,,,,,
Burundi,MtCO2e,,,,,,,,,,,,,,,,,,,,,,,,,,,,,,,,,,,,,,,,,,,,,,,,,,,,,,,,,,,,,,,,,,,,,,,,,,,,,,,,,,,,,,,,,,,,,,,,,,,,,,,,,,,,,,,,,,,,,,,,,,,,,,,,,,,,,,,,,,,,,,,,,,,,,,,,,,,,,,,,,,,,,,,,
Cambodia,MtCO2e,,,,,,,,,,,,,,,,,,,,,,,,,,,,,,,,,,,,,,,,,,,,,,,,,,,,,,,,,,,,,,,,,,,,,,,,,,,,,,,,,,,,,,,,,,,,,,,,,,,,,,,,,,,,,,,,,,,,,,,,,,,,,,,,,,,,,,,,,,,,,,,,,,,,,,,,,,,,,,,,,,,,,,,,
Cape Verde,MtCO2e,,,,,,,,,,,,,,,,,,,,,,,,,,,,,,,,,,,,,,,,,,,,,,,,,,,,,,,,,,,,,,,,,,,,,,,,,,,,,,,,,,,,,,,,,,,,,,,,,,,,,,,,,,,,,,,,,,,,,,,,,,,,,,,,,,,,,,,,,,,,,,,,,,,,,,,,,,,,,,,,,,,,,,,,
Central African Republic,MtCO2e,,,,,,,,,,,,,,,,,,,,,,,,,,,,,,,,,,,,,,,,,,,,,,,,,,,,,,,,,,,,,,,,,,,,,,,,,,,,,,,,,,,,,,,,,,,,,,,,,,,,,,,,,,,,,,,,,,,,,,,,,,,,,,,,,,,,,,,,,,,,,,,,,,,,,,,,,,,,,,,,,,,,,,,,
Chad,MtCO2e,,,,,,,,,,,,,,,,,,,,,,,,,,,,,,,,,,,,,,,,,,,,,,,,,,,,,,,,,,,,,,,,,,,,,,,,,,,,,,,,,,,,,,,,,,,,,,,,,,,,,,,,,,,,,,,,,,,,,,,,,,,,,,,,,,,,,,,,,,,,,,,,,,,,,,,,,,,,,,,,,,,,,,,,
Republic of Congo,MtCO2e,,,,,,,,,,,,,,,,,,,,,,,,,,,,,,,,,,,,,,,,,,,,,,,,,,,,,,,,,,,,,,,,,,,,,,,,0,0,0,0,0,0,0,0,0,0,0,0,0,0,0,0,0,0,0,0,0,0,0,0,0,0,0,0,0,0,0,0,0,0,0,0,0,0,0,0,0,0,0,0,0,0,0,0,0,0,0,0,0,0,0,0,0,0,0,0,0,0,0,0,0,0,0,0,0,0,0,0,0,0,0,0,0,0,0,0,0,0,0,0,0.01,0.01,0.01,0.01,0.01,0.01,0.01,0.01,0.01,0.01,0.01,0.01,0.01
Comoros,MtCO2e,,,,,,,,,,,,,,,,,,,,,,,,,,,,,,,,,,,,,,,,,,,,,,,,,,,,,,,,,,,,,,,,,,,,,,,,0,0,0,0,0,0,0,0,0,0,0,0,0,0,0,0,0,0,0,0,0,0,0,0,0,0,0,0,0,0,0,0,0,0,0,0,0,0,0,0,0,0,0,0,0,0,0,0,0,0,0,0,0,0,0,0,0,0,0,0,0,0,0,0,0,0,0,0,0,0,0,0,0,0,0,0,0,0,0,0,0,0,0,0,0,0,0,0,0,0,0,0,0,0,0,0,0
Democratic Republic of the Congo,MtCO2e,,,,,,,,,,,,,,,,,,,,,,,,,,,,,,,,,,,,,,,,,,,,,,,,,,,,,,,,,,,,,,,,,,,,,,,,,,,,,,,,,,,,,,,,,,,,,,,,,,,,,,,,,,,,,,,,,,,,,,,,,,,,,,,,,,,,,,,,,,,,,,,,,,,,,,,,,,,,,,,,,,,,,,,,
Cook Islands,MtCO2e,,,,,,,,,,,,,,,,,,,,,,,,,,,,,,,,,,,,,,,,,,,,,,,,,,,,,,,,,,,,,,,,,,,,,,,,,,,,,,,,,,,,,,,,,,,,,,,,,,,,,,,,,,,,,,,,,,,,,,,,,,,,,,,,,,,,,,,,,,,,,,,,,,,,,,,,,,,,,,,,,,,,,,,,
Côte d'Ivoire,MtCO2e,,,,,,,,,,,,,,,,,,,,,,,,,,,,,,,,,,,,,,,,,,,,,,,,,,,,,,,,,,,,,,,,,,,,,,,,,,,,,,,,,,,,,,,,,,,,,,,,,,,,,,,,,,,,,,,,,,,,,,,,,,,,,,,,,,,,,,,,,,,,,,,,,,,,,,,,,,,,,,,,,,,,,,,,
Djibouti,MtCO2e,,,,,,,,,,,,,,,,,,,,,,,,,,,,,,,,,,,,,,,,,,,,,,,,,,,,,,,,,,,,,,,,,,,,,,,,,,,,,,,,,,,,,,,,,,,,,,,,,,,,,,,,,,,,,,,,,,,,,,,,,,,,,,,,,,,,,,,,,,,,,,,,,,,,,,,,,,,,,,,,,,,,,,,,
Dominica,MtCO2e,,,,,,,,,,,,,,,,,,,,,,,,,,,,,,,,,,,,,,,,,,,,,,,,,,,,,,,,,,,,,,,,,,,,,,,,,,,,,,,,,,,,,,,,,,,,,,,,,,,,,,,,,,,,,,,,,,,,,,,,,,,,,,,,,,,,,,,,,,,,,,,,,,,,,,,,,,,,,,,,,,,,,,,,
Dominican Republic,MtCO2e,,,,,,,,,,,,,,,,,,,,,,,,,,,,,,,,,,,,,,,,,,,,,,,,,,,,,,,,,,,,,,,,,,,,,,,,,,,,,,,,,,,,,,,,,,,,,,,,,,,,,,,,,,,,,,,,,,,,,,,,,,,,,,,,,,,,,,,,,,,,,,,,,,,,,,,,,,,,,,,,,,,,,,,,
Japan,MtCO2e,0,0,0,0,0,0,0,0,0,0,0,0,0,0,0,0,0,0,0,0,0,0,0,0,0,0,0,0,0,0,0,0,0,0,0,0,0,0,0,0,0,0,0.01,0.01,0.01,0.01,0.02,0.02,0.03,0.03,0.03,0.03,0.03,0.04,0.04,0.04,0.04,0.04,0.04,0.05,0.05,0.05,0.05,0.06,0.06,0.06,0.07,0.07,0.07,0.08,0.08,0.14,0.3,0.54,0.83,1.15,1.47,1.78,2.04,2.23,2.34,2.35,2.29,2.19,2.05,1.89,1.74,1.6,1.49,1.43,1.44,1.5,1.57,1.67,1.78,1.9,2.04,2.18,2.33,2.48,2.63,2.8,2.98,3.17,3.38,3.6,3.83,4.07,4.33,4.59,4.87,5.17,5.52,5.9,6.32,6.76,7.22,7.69,8.17,8.65,9.72,11.4,12.3,14.1,14.7,13.9,16.9,20.1,21,23.6,25.2,23.1,21,21.2,24.6,24.3,25.1,26.3,28.7,30.8,35.4,39.1,41.1,44.8,49.6,59.5,60.1,59.1,53.7,47,42,35.7,31.5,30.9,27.4,27.9,30.3,31,30.7,28.8,31.5,33.9,36.5,39.1,42.3,45.3,48.8,51
India,MtCO2e,0,0,0,0,0,0,0,0,0,0,0,0,0,0,0,0,0,0,0,0,0,0,0,0,0,0,0,0,0,0,0,0,0,0,0,0,0,0,0,0,0,0,0,0,0,0.01,0.01,0.01,0.01,0.01,0.01,0.01,0.01,0.02,0.02,0.02,0.02,0.02,0.02,0.02,0.02,0.02,0.02,0.02,0.02,0.03,0.03,0.03,0.03,0.03,0.03,0.04,0.07,0.1,0.14,0.19,0.23,0.28,0.32,0.36,0.39,0.41,0.42,0.43,0.43,0.44,0.45,0.45,0.46,0.47,0.49,0.51,0.53,0.55,0.57,0.6,0.63,0.65,0.69,0.72,0.75,0.79,0.83,0.87,0.92,0.97,1.03,1.08,1.14,1.2,1.26,1.32,1.4,1.48,1.57,1.66,1.76,1.84,1.93,2.01,1.8,2.06,2.38,2.07,1.97,2.36,3.02,2.97,3.35,3.64,3.62,3.93,3.99,4.09,5.11,5.36,4.55,4.56,4.85,5.97,6.41,7.02,6.74,7.06,6.85,7.19,6.87,7.6,10.7,11,12.6,12.6,12.5,16.2,20.3,13.8,13.6,21.3,19,20.7,22.3,23.1,24.2,25.3,26.4,27.5,28.6,29.7
South Korea,MtCO2e,0,0,0,0,0,0,0,0,0,0,0,0,0,0,0,0,0,0,0,0,0,0,0,0,0,0,0,0,0,0,0,0,0,0,0,0,0,0,0,0,0,0,0,0,0,0,0,0,0,0,0,0,0,0,0,0,0,0,0,0,0,0,0,0,0,0,0,0,0,0,0,0,0.01,0.01,0.02,0.03,0.04,0.04,0.05,0.06,0.06,0.06,0.05,0.05,0.04,0.03,0.03,0.02,0.02,0.01,0.01,0.01,0.01,0.01,0.01,0.02,0.02,0.02,0.02,0.02,0.03,0.03,0.03,0.03,0.04,0.04,0.04,0.05,0.05,0.05,0.06,0.06,0.07,0.08,0.08,0.09,0.1,0.11,0.12,0.13,0.16,0.18,0.2,0.24,0.28,0.27,0.34,0.39,0.44,0.49,0.53,0.55,0.54,0.62,0.69,0.72,0.79,0.84,0.99,1.09,1.35,1.28,2.61,2.92,5.52,9.52,9.76,12.9,9.12,15.1,15.5,12.2,15.4,14,15.3,16.5,15.9,19.4,18.9,17.9,23.9,20.4,20.7,20.8,22.3,23.1,23.7,24.4
France,MtCO2e,0.01,0.01,0.01,0.01,0.01,0.01,0.01,0.01,0.01,0.01,0.01,0.01,0.01,0.01,0.01,0.01,0.01,0.01,0.01,0.01,0.01,0.01,0.01,0.01,0.01,0.01,0.01,0.01,0.01,0.01,0.01,0.01,0.01,0.01,0.01,0.01,0.01,0.01,0.01,0.01,0.01,0.01,0.02,0.02,0.03,0.04,0.06,0.07,0.08,0.09,0.1,0.1,0.11,0.11,0.12,0.12,0.13,0.14,0.14,0.15,0.15,0.16,0.17,0.18,0.19,0.2,0.2,0.21,0.23,0.24,0.25,0.32,0.47,0.71,1,1.32,1.66,1.99,2.3,2.56,2.75,2.89,3,3.08,3.15,3.21,3.26,3.32,3.4,3.5,3.62,3.77,3.92,4.09,4.26,4.45,4.65,4.86,5.08,5.32,5.57,5.85,6.15,6.48,6.83,7.2,7.59,8,8.42,8.85,9.29,9.78,10.3,11,11.6,12.3,12.9,13.6,14.2,14.7,14.8,14,14.4,14,13.9,13.5,14.1,15,15.1,15.6,16.7,16.8,15.7,15.1,15,11.5,12.4,13.9,13.7,12.2,11.8,12.3,11.7,10.2,8.86,7.56,8.7,9.61,10.5,12.1,12,12.7,15.2,16.2,16.4,16.5,17.1,17.6,18.1,17.8,18.9,19.9,20.3,20.2,20,20.2,20.5,20
Italy,MtCO2e,0,0,0,0,0,0,0,0,0,0,0,0,0,0,0,0,0,0,0,0,0,0,0,0,0,0,0,0,0,0,0,0,0,0,0,0,0,0,0,0,0,0,0,0,0,0.01,0.01,0.01,0.01,0.01,0.01,0.01,0.02,0.02,0.02,0.02,0.02,0.02,0.02,0.02,0.02,0.02,0.02,0.03,0.03,0.03,0.03,0.03,0.03,0.03,0.04,0.04,0.06,0.09,0.13,0.16,0.2,0.25,0.28,0.32,0.34,0.36,0.38,0.4,0.41,0.43,0.44,0.46,0.47,0.49,0.51,0.53,0.55,0.57,0.6,0.63,0.65,0.68,0.71,0.75,0.78,0.82,0.86,0.91,0.96,1.01,1.06,1.12,1.17,1.23,1.29,1.36,1.44,1.52,1.61,1.7,1.79,1.87,1.95,2.02,2.41,2.28,2.15,2.64,3.01,2.72,3,3.73,3.91,3.95,3.99,4.05,3.55,3.12,3.57,3.53,3.83,3.76,3.75,3.72,3.8,3.43,2.77,2.65,2.62,3.18,2.72,3.15,3.57,3.8,4.58,5.61,6.41,7.61,8.92,10,11.1,11.6,12.4,12.7,13.7,14.7,15.1,15.9,16.3,16.9,17.1,17
Germany,MtCO2e,0,0,0,0,0,0,0,0,0,0,0,0,0,0,0,0,0,0,0,0,0,0,0,0,0,0,0,0,0,0,0,0,0,0,0,0,0,0,0,0,0,0,0,0,0,0,0.01,0.01,0.01,0.01,0.01,0.01,0.01,0.01,0.01,0.01,0.01,0.01,0.01,0.02,0.02,0.02,0.02,0.02,0.02,0.02,0.02,0.02,0.02,0.03,0.03,0.03,0.04,0.06,0.08,0.11,0.13,0.16,0.18,0.2,0.22,0.24,0.25,0.27,0.28,0.3,0.31,0.33,0.34,0.36,0.37,0.39,0.41,0.43,0.45,0.47,0.5,0.52,0.55,0.58,0.61,0.64,0.68,0.71,0.75,0.79,0.83,0.88,0.92,0.97,1.02,1.07,1.12,1.18,1.25,1.31,1.37,1.43,1.49,1.54,2.09,2.79,2.97,3.62,4.37,4.55,4.88,5.57,6.05,5.36,5.38,5.36,5.51,5.61,6.15,6.48,6.14,6.41,6.72,7.03,7.33,7.23,7.71,10.5,10.6,10.9,11.3,11.6,12.2,10.6,10.6,11.8,11.8,12,12.6,12.8,12.9,13.2,13.1,13.2,13.6,14,14.1,14.2,14.4,14.7,14.9,15
North Korea,MtCO2e,,,,,,,,,,,,,,,,,,,,,,,,,,,,,,,,,,,,,,,,,,,,,,,,,,,,,,,,,,,,,,,,,,,,,,,,0,0,0,0,0,0,0,0,0,0,0,0,0,0,0,0,0,0,0,0,0,0,0,0,0,0,0,0,0,0,0,0,0,0,0,0,0,0,0,0,0,0,0,0,0,0,0,0,0,0,0,0,0,0,0,0,0,0,0,0,0,0,0,0,0,0,0,0,0,0,0,0.01,0.02,0.05,0.08,0.27,0.46,0.74,1.09,2,2.21,2.51,2.76,3,3.21,3.56,3.82,4.31,4.59,4.88,5.29,5.62,5.95,6.28,6.61,6.95,7.28
Greece,MtCO2e,0,0,0,0,0,0,0,0,0,0,0,0,0,0,0,0,0,0,0,0,0,0,0,0,0,0,0,0,0,0,0,0,0,0,0,0,0,0,0,0,0,0,0,0,0,0,0,0,0,0,0,0,0,0,0,0,0,0,0,0,0,0,0,0,0,0,0,0,0,0,0,0.01,0.01,0.03,0.04,0.06,0.08,0.09,0.11,0.12,0.12,0.12,0.12,0.11,0.1,0.09,0.07,0.06,0.06,0.05,0.05,0.05,0.05,0.06,0.06,0.07,0.07,0.08,0.08,0.09,0.09,0.1,0.1,0.11,0.12,0.13,0.14,0.15,0.16,0.17,0.18,0.19,0.21,0.23,0.24,0.26,0.28,0.31,0.33,0.35,0.4,0.46,0.48,0.54,0.59,0.53,0.59,0.63,0.69,0.74,0.79,0.81,0.76,0.81,0.87,0.85,0.89,0.9,1,1.01,1.38,1.59,1.34,2.15,2.79,4.22,4.88,5.3,5.93,6.83,5.39,4.87,5.18,4.83,5.02,5.18,2.82,3.36,3.84,4.13,4.6,4.86,5.31,5.92,5.98,6.12,6.36,6.31
Israel,MtCO2e,0,0,0,0,0,0,0,0,0,0,0,0,0,0,0,0,0,0,0,0,0,0,0,0,0,0,0,0,0,0,0,0,0,0,0,0,0,0,0,0,0,0,0,0,0,0,0,0,0,0,0,0,0,0,0,0,0,0,0,0,0,0,0,0,0,0,0,0,0,0,0,0,0,0,0,0,0,0,0,0,0,0,0,0,0,0,0,0,0,0,0,0,0,0,0,0,0,0,0,0,0,0,0,0,0,0,0,0,0,0,0,0.01,0.01,0.01,0.01,0.01,0.01,0.01,0.01,0.01,0.02,0.06,0.08,0.11,0.11,0.13,0.13,0.15,0.16,0.18,0.17,0.2,0.22,0.24,0.31,0.35,0.4,0.46,0.6,0.68,0.67,0.66,0.65,0.63,0.62,0.67,0.75,0.82,1.12,1.29,1.51,1.78,1.76,1.76,1.78,1.94,2.15,2.3,2.46,2.62,2.78,2.88,3.01,3.15,3.28,3.42,3.56,3.69
Egypt,MtCO2e,,,,,,,,,,,,,,,,,,,,,,,,,,,,,,,,,,,,,,,,,,,,,,,,,,,,,,,,,,,,,,,,,,,,,,,,0,0,0,0,0,0,0,0,0,0,0,0,0,0,0,0,0,0,0,0,0,0,0,0,0,0,0,0,0,0,0,0,0,0,0,0,0,0,0,0,0,0,0,0,0,0,0,0,0,0,0.02,0.04,0.07,0.08,0.14,0.69,1.09,1.22,1.26,1.42,1.61,1.7,1.71,1.66,1.82,1.57,1.9,1.79,1.81,1.72,1.75,1.73,1.71,1.79,1.64,2.12,1.74,1.91,1.96,1.69,1.75,1.85,1.9,2.1,2.4,2.5,2.6,2.67,2.76,2.82,2.85,2.95,3.04,3.14,3.23,3.33,3.42
Kuwait,MtCO2e,,,,,,,,,,,,,,,,,,,,,,,,,,,,,,,,,,,,,,,,,,,,,,,,,,,,,,,,,,,,,,,,,,,,,,,,0,0,0,0,0,0,0,0,0,0,0,0,0,0,0,0,0,0,0,0,0,0,0,0,0,0,0,0,0,0,0,0,0,0,0,0,0,0,0,0,0,0,0,0,0,0,0,0,0,0,0.03,0.05,0.08,0.1,0.17,0.19,0.22,0.26,0.32,0.38,0.36,0.36,0.36,0.43,0.49,0.45,0.41,0.35,0.32,0.25,0.34,0.41,0.44,0.46,0.47,0.48,0.46,0.44,0.46,0.5,0.56,0.64,0.76,0.87,0.99,1.1,1.22,1.34,1.37,1.46,1.47,1.55,1.63,1.71,1.79,1.87,1.94
Guatemala,MtCO2e,,,,,,,,,,,,,,,,,,,,,,,,,,,,,,,,,,,,,,,,,,,,,,,,,,,,,,,,,,,,,,,,,,,,,,,,0,0,0,0,0,0,0,0,0,0,0,0,0,0,0,0,0,0,0,0,0,0,0,0,0,0,0,0,0,0,0,0,0,0,0,0,0,0,0,0,0,0,0,0,0,0,0,0,0,0,0,0,0,0,0,0,0,0,0,0,0,0,0,0,0,0,0,0,0,0,0,0,0.01,0.01,0.03,0.05,0.07,0.1,0.13,0.18,0.23,0.3,0.37,0.45,0.55,0.62,0.69,0.77,0.84,0.92,0.95,1.01,1.08,1.14,1.21,1.28,1.34
Finland,MtCO2e,0,0,0,0,0,0,0,0,0,0,0,0,0,0,0,0,0,0,0,0,0,0,0,0,0,0,0,0,0,0,0,0,0,0,0,0,0,0,0,0,0,0,0,0,0,0,0,0,0,0,0,0,0,0,0,0,0,0,0,0,0,0,0,0,0,0,0,0,0,0,0,0,0,0,0,0,0,0,0,0,0,0,0,0,0,0,0,0,0,0,0,0,0,0,0,0,0,0,0,0,0,0,0,0,0,0,0,0,0,0,0,0,0,0,0,0,0,0,0,0,0,0.01,0.01,0.01,0.01,0.01,0.01,0.02,0.02,0.03,0.04,0.04,0.05,0.05,0.05,0.06,0.06,0.06,0.05,0.05,0.05,0.04,0.03,0.02,0.11,0.19,0.29,0.39,0.48,0.58,0.74,0.81,0.91,1.01,1.11,1.18,1.34,1.37,1.42,1.42,1.41,1.41,1.44,1.46,1.46,1.43,1.41,1.33
Ireland,MtCO2e,0,0,0,0,0,0,0,0,0,0,0,0,0,0,0,0,0,0,0,0,0,0,0,0,0,0,0,0,0,0,0,0,0,0,0,0,0,0,0,0,0,0,0,0,0,0,0,0,0,0,0,0,0,0,0,0,0,0,0,0,0,0,0,0,0,0,0,0,0,0,0,0,0,0,0,0,0,0,0,0,0,0,0,0,0,0,0,0,0,0,0,0,0,0,0,0,0,0,0,0,0,0,0,0,0,0,0,0,0,0,0,0,0,0,0,0,0,0,0,0,0,0,0,0,0.01,0.01,0.01,0.01,0.01,0.01,0.01,0.02,0.02,0.02,0.02,0.02,0.02,0.03,0.03,0.03,0.04,0.05,0.07,0.1,0.13,0.28,0.41,0.59,0.56,0.71,0.97,1.07,0.99,1.13,1,1.02,1.18,1.17,1.07,1.06,1.02,1.02,0.99,1.03,1.09,1.1,1.19,1.23
Georgia,MtCO2e,,,,,,,,,,,,,,,,,,,,,,,,,,,,,,,,,,,,,,,,,,,,,,,,,,,,,,,,,,,,,,,,,,,,,,,,0,0,0,0,0,0,0,0,0,0,0,0,0,0,0,0,0,0,0,0,0,0,0,0,0,0,0,0,0,0,0,0,0,0,0,0,0,0,0,0,0,0,0,0,0,0,0,0,0,0,0,0,0,0,0,0,0,0,0,0,0,0,0,0,0,0,0,0,0,0,0,0,0,0,0,0,0,0,0,0,0.06,0.1,0.15,0.21,0.3,0.33,0.44,0.56,0.66,0.17,0.29,0.42,0.25,0.49,0.52,0.55,0.58
Estonia,MtCO2e,0,0,0,0,0,0,0,0,0,0,0,0,0,0,0,0,0,0,0,0,0,0,0,0,0,0,0,0,0,0,0,0,0,0,0,0,0,0,0,0,0,0,0,0,0,0,0,0,0,0,0,0,0,0,0,0,0,0,0,0,0,0,0,0,0,0,0,0,0,0,0,0,0,0,0,0,0,0,0,0,0,0,0,0,0,0,0,0,0,0,0,0,0,0,0,0,0,0,0,0,0,0,0,0,0,0,0,0,0,0,0,0,0,0,0,0,0,0,0,0,0,0,0,0,0,0,0,0,0,0,0,0,0,0,0,0,0,0,0,0,0,0.01,0.02,0.02,0.03,0.03,0.04,0.04,0.06,0.07,0.08,0.1,0.1,0.11,0.12,0.14,0.16,0.17,0.15,0.16,0.18,0.18,0.2,0.21,0.22,0.23,0.24,0.24
El Salvador,MtCO2e,,,,,,,,,,,,,,,,,,,,,,,,,,,,,,,,,,,,,,,,,,,,,,,,,,,,,,,,,,,,,,,,,,,,,,,,0,0,0,0,0,0,0,0,0,0,0,0,0,0,0,0,0,0,0,0,0,0,0,0,0,0,0,0,0,0,0,0,0,0,0,0,0,0,0,0,0,0,0,0,0,0,0,0,0,0,0,0,0,0,0,0,0,0,0,0,0,0,0,0,0,0,0,0,0,0,0,0,0,0,0,0,0.01,0.01,0.02,0.05,0.06,0.06,0.07,0.08,0.09,0.1,0.11,0.12,0.13,0.13,0.15,0.16,0.17,0.17,0.18,0.2,0.2
Ecuador,MtCO2e,,,,,,,,,,,,,,,,,,,,,,,,,,,,,,,,,,,,,,,,,,,,,,,,,,,,,,,,,,,,,,,,,,,,,,,,0,0,0,0,0,0,0,0,0,0,0,0,0,0,0,0,0,0,0,0,0,0,0,0,0,0,0,0,0,0,0,0,0,0,0,0,0,0,0,0,0,0,0,0,0,0,0,0,0,0,0,0,0,0,0,0,0,0,0,0,0,0,0,0,0,0,0,0,0,0,0,0,0,0,0,0.01,0.01,0.01,0.02,0.02,0.03,0.04,0.05,0.06,0.07,0.08,0.09,0.1,0.11,0.12,0.12,0.13,0.14,0.15,0.16,0.17,0.17
Equatorial Guinea,MtCO2e,,,,,,,,,,,,,,,,,,,,,,,,,,,,,,,,,,,,,,,,,,,,,,,,,,,,,,,,,,,,,,,,,,,,,,,,,,,,,,,,,,,,,,,,,,,,,,,,,,,,,,,,,,,,,,,,,,,,,,,,,,,,,,,,,,,,,,,,,,,,,,,,,,,,,,,,,,,,,,,,,,,,,,,,
Eritrea,MtCO2e,,,,,,,,,,,,,,,,,,,,,,,,,,,,,,,,,,,,,,,,,,,,,,,,,,,,,,,,,,,,,,,,,,,,,,,,,,,,,,,,,,,,,,,,,,,,,,,,,,,,,,,,,,,,,,,,,,,,,,,,,,,,,,,,,,,,,,,,,,,,,,,,,,,,,,,,,,,,,,,,,,,,,,,,
Hungary,MtCO2e,0,0,0,0,0,0,0,0,0,0,0,0,0,0,0,0,0,0,0,0,0,0,0,0,0,0,0,0,0,0,0,0,0,0,0,0,0,0,0,0,0,0,0,0,0,0,0,0,0,0,0,0,0,0,0,0,0,0,0,0,0,0,0,0,0,0,0.01,0.01,0.01,0.01,0.01,0.01,0.01,0.01,0.02,0.02,0.03,0.04,0.04,0.05,0.05,0.06,0.06,0.06,0.07,0.07,0.07,0.08,0.08,0.08,0.09,0.09,0.09,0.1,0.1,0.11,0.11,0.12,0.12,0.13,0.13,0.14,0.14,0.15,0.16,0.17,0.18,0.18,0.2,0.2,0.21,0.23,0.24,0.25,0.26,0.28,0.29,0.3,0.32,0.33,0.33,0.34,0.34,0.34,0.35,0.35,0.35,0.36,0.36,0.37,0.38,0.38,0.38,0.38,0.38,0.38,0.38,0.38,0.37,0.41,0.39,0.35,0.22,0.25,0.28,0.31,0.32,0.36,0.51,0.66,0.58,0.61,0.72,0.84,1.03,1.15,1.02,1.14,1.23,1.19,1.29,1.38,1.28,1.35,1.78,2.32,1.77,1.92
Kazakhstan,MtCO2e,,,,,,,,,,,,,,,,,,,,,,,,,,,,,,,,,,,,,,,,,,,,,,,,,,,,,,,,,,,,,,,,,,,,,,,,0,0,0,0,0,0,0,0,0,0,0,0,0,0,0,0,0,0,0,0,0,0,0,0,0,0,0,0,0,0,0,0,0,0,0,0,0,0,0,0,0,0,0,0,0,0,0,0,0,0,0,0,0,0,0,0,0,0,0,0,0,0,0,0,0,0,0,0,0,0,0,0,0,0,0,0,0,0.05,0.02,0.18,0.22,0.18,0.2,0.26,0.26,0.43,0.59,0.83,0.89,1.2,1.27,1.26,1.27,1.16,1.22,1.25,1.31
Latvia,MtCO2e,0,0,0,0,0,0,0,0,0,0,0,0,0,0,0,0,0,0,0,0,0,0,0,0,0,0,0,0,0,0,0,0,0,0,0,0,0,0,0,0,0,0,0,0,0,0,0,0,0,0,0,0,0,0,0,0,0,0,0,0,0,0,0,0,0,0,0,0,0,0,0,0,0,0,0,0,0,0,0,0,0,0,0,0,0,0,0,0,0,0,0,0,0,0,0,0,0,0,0,0,0,0,0,0,0,0,0,0,0,0,0,0,0,0,0,0,0,0,0,0,0,0,0,0,0,0,0,0,0,0,0,0,0,0,0,0,0,0,0,0,0,0,0,0,0,0,0.01,0.01,0.01,0.02,0.02,0.03,0.03,0.04,0.05,0.07,0.1,0.13,0.15,0.17,0.18,0.19,0.19,0.21,0.22,0.24,0.26,0.25
Kenya,MtCO2e,,,,,,,,,,,,,,,,,,,,,,,,,,,,,,,,,,,,,,,,,,,,,,,,,,,,,,,,,,,,,,,,,,,,,,,,0,0,0,0,0,0,0,0,0,0,0,0,0,0,0,0,0,0,0,0,0,0,0,0,0,0,0,0,0,0,0,0,0,0,0,0,0,0,0,0,0,0,0,0,0,0,0,0,0,0,0,0,0,0,0,0,0,0,0,0,0,0,0,0,0,0,0,0,0,0,0,0,0,0,0.01,0.01,0.01,0.01,0.01,0.02,0.02,0.03,0.03,0.04,0.04,0.05,0.06,0.07,0.08,0.09,0.08,0.09,0.09,0.1,0.1,0.11,0.11
"Hong Kong, Special Administrative Region of China",MtCO2e,,,,,,,,,,,,,,,,,,,,,,,,,,,,,,,,,,,,,,,,,,,,,,,,,,,,,,,,,,,,,,,,,,,,,,,,,,,,,,,,,,,,,,,,,,,,,,,,,,,,,,,,,,,,,,,,,,,,,,,,,,0.02,0.04,0.06,0.08,0.12,0.18,0.22,0.25,0.32,0.38,0.36,0.37,0.38,0.47,0.55,0.52,0.49,0.43,0.42,0.36,0.34,0.31,0.25,0.2,0.15,0.15,0.14,0.13,0.14,0.15,0.14,0.14,0.13,0.12,0.11,0.12,0.13,0.13,0.11,0.11,0.1,0.1,0.1,0.09,0.09,0.09,0.08
Iran,MtCO2e,,,,,,,,,,,,,,,,,,,,,,,,,,,,,,,,,,,,,,,,,,,,,,,,,,,,,,,,,,,,,,,,,,,,,,,,,,,,,,,,,,,,,,,,,,,,,,,,,,,,,,,,,,,,,,,,,,,,,,,,,,0.03,0.08,0.23,0.33,0.41,0.33,0.29,0.31,0.28,0.29,0.28,0.44,0.44,0.54,0.63,0.65,0.67,0.7,0.7,0.99,1.17,1.13,1.04,0.98,0.9,0.74,0.69,0.73,0.8,0.26,0.3,0.45,0.49,0.28,0.29,0.24,0.25,0.25,0.26,0.25,0.11,0.09,0.08,0.07,0.07,0.06,0.06
Ethiopia,MtCO2e,,,,,,,,,,,,,,,,,,,,,,,,,,,,,,,,,,,,,,,,,,,,,,,,,,,,,,,,,,,,,,,,,,,,,,,,0,0,0,0,0,0,0,0,0,0,0,0,0,0,0,0,0,0,0,0,0,0,0,0,0,0,0,0,0,0,0,0,0,0,0,0,0,0,0,0,0,0,0,0,0,0,0,0,0,0,0,0,0,0,0,0,0,0,0,0,0,0,0,0,0,0,0,0,0,0,0,0,0,0,0,0,0,0,0,0,0.01,0.01,0.01,0.01,0.01,0.01,0.01,0.02,0.02,0.02,0.02,0.02,0.02,0.02,0.02,0.03,0.03
Fiji,MtCO2e,,,,,,,,,,,,,,,,,,,,,,,,,,,,,,,,,,,,,,,,,,,,,,,,,,,,,,,,,,,,,,,,,,,,,,,,,,,,,,,,,,,,,,,,,,,,,,,,,,,,,,,,,,,,,,,,,,,,,,,,,,,,,,,,,,,,,,,,,,,,,,,,,,,,,,,,,,,,,,,,,,,,,,,,
Gabon,MtCO2e,,,,,,,,,,,,,,,,,,,,,,,,,,,,,,,,,,,,,,,,,,,,,,,,,,,,,,,,,,,,,,,,,,,,,,,,0,0,0,0,0,0,0,0,0,0,0,0,0,0,0,0,0,0,0,0,0,0,0,0,0,0,0,0,0,0,0,0,0,0,0,0,0,0,0,0,0,0,0,0,0,0,0,0,0,0,0,0,0,0,0,0,0,0,0,0,0,0,0,0,0,0,0,0,0,0,0,0,0,0,0,0,0,0,0,0,0,0.01,0.01,0.01,0.01,0.01,0.01,0.01,0.01,0.02,0.02,0.02,0.02,0.02,0.02,0.02,0.02
Gambia,MtCO2e,,,,,,,,,,,,,,,,,,,,,,,,,,,,,,,,,,,,,,,,,,,,,,,,,,,,,,,,,,,,,,,,,,,,,,,,,,,,,,,,,,,,,,,,,,,,,,,,,,,,,,,,,,,,,,,,,,,,,,,,,,,,,,,,,,,,,,,,,,,,,,,,,,,,,,,,,,,,,,,,,,,,,,,,
Jordan,MtCO2e,,,,,,,,,,,,,,,,,,,,,,,,,,,,,,,,,,,,,,,,,,,,,,,,,,,,,,,,,,,,,,,,,,,,,,,,0,0,0,0,0,0,0,0,0,0,0,0,0,0,0,0,0,0,0,0,0,0,0,0,0,0,0,0,0,0,0,0,0,0,0,0,0,0,0,0,0,0,0,0,0,0,0,0,0,0,0,0,0,0,0,0,0,0,0,0,0,0,0,0,0,0,0,0,0,0,0,0,0,0,0,0,0,0.01,0.01,0.02,0.04,0.05,0.07,0.1,0.13,0.14,0.16,0.18,0.2,0.22,0.23,0.24,0.26,0.28,0.29,0.31,0.33
Iceland,MtCO2e,0,0,0,0,0,0,0,0,0,0,0,0,0,0,0,0,0,0,0,0,0,0,0,0,0,0,0,0,0,0,0,0,0,0,0,0,0,0,0,0,0,0,0,0,0,0,0,0,0,0,0,0,0,0,0,0,0,0,0,0,0,0,0,0,0,0,0,0,0,0,0,0,0,0.01,0.01,0.01,0.01,0.02,0.02,0.02,0.02,0.02,0.03,0.03,0.03,0.03,0.03,0.03,0.04,0.04,0.04,0.04,0.04,0.04,0.04,0.05,0.05,0.05,0.05,0.06,0.06,0.06,0.06,0.07,0.07,0.07,0.08,0.08,0.09,0.09,0.09,0.1,0.1,0.11,0.12,0.12,0.13,0.13,0.14,0.14,0.21,0.23,0.26,0.41,0.39,0.34,0.37,0.4,0.42,0.41,0.42,0.42,0.43,0.43,0.46,0.42,0.43,0.48,0.47,0.51,0.5,0.41,0.18,0.09,0.06,0.08,0.05,0.13,0.26,0.25,0.19,0.16,0.13,0.13,0.11,0.1,0.47,0.41,0.5,0.3,0.32,0.22,0.27,0.27,0.28,0.31,0.28,0.28
Jamaica,MtCO2e,,,,,,,,,,,,,,,,,,,,,,,,,,,,,,,,,,,,,,,,,,,,,,,,,,,,,,,,,,,,,,,,,,,,,,,,0,0,0,0,0,0,0,0,0,0,0,0,0,0,0,0,0,0,0,0,0,0,0,0,0,0,0,0,0,0,0,0,0,0,0,0,0,0,0,0,0,0,0,0,0,0,0,0,0,0,0,0,0,0,0,0,0,0,0,0,0,0,0,0,0,0,0,0,0,0,0,0,0,0,0,0.01,0.01,0.01,0.02,0.02,0.03,0.03,0.04,0.05,0.06,0.07,0.07,0.08,0.09,0.1,0.1,0.11,0.11,0.12,0.13,0.13,0.14
Kyrgyzstan,MtCO2e,,,,,,,,,,,,,,,,,,,,,,,,,,,,,,,,,,,,,,,,,,,,,,,,,,,,,,,,,,,,,,,,,,,,,,,,0,0,0,0,0,0,0,0,0,0,0,0,0,0,0,0,0,0,0,0,0,0,0,0,0,0,0,0,0,0,0,0,0,0,0,0,0,0,0,0,0,0,0,0,0,0,0,0,0,0,0,0,0,0,0,0,0,0,0,0,0,0,0,0,0,0,0,0,0,0,0,0,0,0,0,0,0,0,0.01,0.01,0.01,0.01,0.02,0.03,0.03,0.03,0.04,0.04,0.04,0.05,0.05,0.05,0.06,0.06,0.06,0.07,0.07
Liberia,MtCO2e,,,,,,,,,,,,,,,,,,,,,,,,,,,,,,,,,,,,,,,,,,,,,,,,,,,,,,,,,,,,,,,,,,,,,,,,0,0,0,0,0,0,0,0,0,0,0,0,0,0,0,0,0,0,0,0,0,0,0,0,0,0,0,0,0,0,0,0,0,0,0,0,0,0,0,0,0,0,0,0,0,0,0,0,0,0,0,0,0,0,0,0,0,0,0,0,0,0,0,0,0,0,0,0,0,0,0,0,0,0,0,0,0,0,0,0,0,0.01,0.01,0.01,0.02,0.02,0.02,0.02,0.03,0.03,0.03,0.03,0.03,0.04,0.04,0.04,0.04
Ghana,MtCO2e,0,0,0,0,0,0,0,0,0,0,0,0,0,0,0,0,0,0,0,0,0,0,0,0,0,0,0,0,0,0,0,0,0,0,0,0,0,0,0,0,0,0,0,0,0,0,0,0,0,0,0,0,0,0,0,0,0,0,0,0,0,0,0,0.01,0.01,0.01,0.01,0.01,0.01,0.01,0.01,0.01,0.01,0.02,0.02,0.03,0.04,0.04,0.05,0.06,0.06,0.06,0.07,0.07,0.08,0.08,0.08,0.09,0.09,0.1,0.1,0.1,0.11,0.11,0.12,0.12,0.13,0.13,0.14,0.14,0.15,0.16,0.17,0.17,0.18,0.19,0.2,0.21,0.23,0.24,0.25,0.26,0.27,0.29,0.3,0.32,0.34,0.35,0.37,0.38,0.45,0.45,0.53,0.61,0.63,0.57,0.61,0.61,0.45,0.68,0.75,0.69,0.76,0.17,0.18,0.2,0.49,0.58,0.61,0.62,0.63,0.63,0.7,0.7,0.55,0.48,0.48,0.56,0.15,0.15,0.08,0.08,0.08,0.01,0.01,0.02,0.02,0.01,0.01,0.01,0.02,0.02,0.02,0.02,0.02,0.02,0.02,0.02
Iraq,MtCO2e,,,,,,,,,,,,,,,,,,,,,,,,,,,,,,,,,,,,,,,,,,,,,,,,,,,,,,,,,,,,,,,,,,,,,,,,,,,,,,,,,,,,,,,,,,,,,,,,,,,,,,,,,,,,,,,,,,,,,,,,,,0.03,0.05,0.09,0.13,0.21,0.24,0.28,0.33,0.41,0.49,0.47,0.47,0.48,0.58,0.68,0.61,0.53,0.42,0.35,0.24,0.25,0.25,0.23,0.2,0.18,0.18,0.16,0.15,0.15,0.15,0.14,0.13,0.11,0.1,0.08,0.09,0.09,0.1,0.07,0.06,0.05,0.04,0.04,0.03,0.02,0.01,0
Grenada,MtCO2e,0,0,0,0,0,0,0,0,0,0,0,0,0,0,0,0,0,0,0,0,0,0,0,0,0,0,0,0,0,0,0,0,0,0,0,0,0,0,0,0,0,0,0,0,0,0,0,0,0,0,0,0,0,0,0,0,0,0,0,0,0,0,0,0,0,0,0,0,0,0,0,0,0,0,0,0,0,0,0,0,0,0,0,0,0,0,0,0,0,0,0,0,0,0,0,0,0,0,0,0,0,0,0,0,0,0,0,0,0,0,0,0,0,0,0,0,0,0,0,0,0,0,0,0,0,0,0,0,0,0,0,0,0,0,0,0,0,0,0,0,0,0,0,0,0,0,0,0,0,0,0,0,0,0,0,0,0,0,0,0,0,0,0,0,0,0,0,0
Guinea,MtCO2e,,,,,,,,,,,,,,,,,,,,,,,,,,,,,,,,,,,,,,,,,,,,,,,,,,,,,,,,,,,,,,,,,,,,,,,,,,,,,,,,,,,,,,,,,,,,,,,,,,,,,,,,,,,,,,,,,,,,,,,,,,,,,,,,,,,,,,,,,,,,,,,,,,,,,,,,,,,,,,,,,,,,,,,,
Guinea-Bissau,MtCO2e,,,,,,,,,,,,,,,,,,,,,,,,,,,,,,,,,,,,,,,,,,,,,,,,,,,,,,,,,,,,,,,,,,,,,,,,,,,,,,,,,,,,,,,,,,,,,,,,,,,,,,,,,,,,,,,,,,,,,,,,,,,,,,,,,,,,,,,,,,,,,,,,,,,,,,,,,,,,,,,,,,,,,,,,
Guyana,MtCO2e,,,,,,,,,,,,,,,,,,,,,,,,,,,,,,,,,,,,,,,,,,,,,,,,,,,,,,,,,,,,,,,,,,,,,,,,,,,,,,,,,,,,,,,,,,,,,,,,,,,,,,,,,,,,,,,,,,,,,,,,,,,,,,,,,,,,,,,,,,,,,,,,,,,,,,,,,,,,,,,,,,,,,,,,
Haiti,MtCO2e,,,,,,,,,,,,,,,,,,,,,,,,,,,,,,,,,,,,,,,,,,,,,,,,,,,,,,,,,,,,,,,,,,,,,,,,,,,,,,,,,,,,,,,,,,,,,,,,,,,,,,,,,,,,,,,,,,,,,,,,,,,,,,,,,,,,,,,,,,,,,,,,,,,,,,,,,,,,,,,,,,,,,,,,
Holy See (Vatican City State),MtCO2e,0,0,0,0,0,0,0,0,0,0,0,0,0,0,0,0,0,0,0,0,0,0,0,0,0,0,0,0,0,0,0,0,0,0,0,0,0,0,0,0,0,0,0,0,0,0,0,0,0,0,0,0,0,0,0,0,0,0,0,0,0,0,0,0,0,0,0,0,0,0,0,0,0,0,0,0,0,0,0,0,0,0,0,0,0,0,0,0,0,0,0,0,0,0,0,0,0,0,0,0,0,0,0,0,0,0,0,0,0,0,0,0,0,0,0,0,0,0,0,0,0,0,0,0,0,0,0,0,0,0,0,0,0,0,0,0,0,0,0,0,0,0,0,0,0,0,0,0,0,0,0,0,0,0,0,0,0,0,0,0,0,0,0,0,0,0,0,0
Honduras,MtCO2e,,,,,,,,,,,,,,,,,,,,,,,,,,,,,,,,,,,,,,,,,,,,,,,,,,,,,,,,,,,,,,,,,,,,,,,,,,,,,,,,,,,,,,,,,,,,,,,,,,,,,,,,,,,,,,,,,,,,,,,,,,,,,,,,,,,,,,,,,,,,,,,,,,,,,,,,,,,,,,,,,,,,,,,,
Indonesia,MtCO2e,,,,,,,,,,,,,,,,,,,,,,,,,,,,,,,,,,,,,,,,,,,,,,,,,,,,,,,,,,,,,,,,,,,,,,,,,,,,,,,,,,,,,,,,,,,,,,,,,,,,,,,,,,,,,,,,,,,,,,,,,,0,0,0.01,0.01,0.01,0.04,0.06,0.1,0.15,0.2,0.18,0.18,1.15,1.65,1.73,1.75,1.74,1.46,1.59,1.55,1.41,1.58,1.42,1.42,1.31,1.17,1.01,0.64,0.53,0.33,0.33,0.35,0.36,0.33,0.33,0.34,0.33,0.33,0.33,0.19,0.05,0.05,0.06,0.04,0.06,0.06,
Kiribati,MtCO2e,,,,,,,,,,,,,,,,,,,,,,,,,,,,,,,,,,,,,,,,,,,,,,,,,,,,,,,,,,,,,,,,,,,,,,,,,,,,,,,,,,,,,,,,,,,,,,,,,,,,,,,,,,,,,,,,,,,,,,,,,,,,,,,,,,,,,,,,,,,,,,,,,,,,,,,,,,,,,,,,,,,,,,,,
Laos,MtCO2e,,,,,,,,,,,,,,,,,,,,,,,,,,,,,,,,,,,,,,,,,,,,,,,,,,,,,,,,,,,,,,,,,,,,,,,,,,,,,,,,,,,,,,,,,,,,,,,,,,,,,,,,,,,,,,,,,,,,,,,,,,,,,,,,,,,,,,,,,,,,,,,,,,,,,,,,,,,,,,,,,,,,,,,,
Lebanon,MtCO2e,,,,,,,,,,,,,,,,,,,,,,,,,,,,,,,,,,,,,,,,,,,,,,,,,,,,,,,,,,,,,,,,,,,,,,,,,,,,,,,,,,,,,,,,,,,,,,,,,,,,,,,,,,,,,,,,,,,,,,,,,,,,,,,,,,,,,,,,,,,,,,,,,,,,,,,,,,,,,,,,,,,,,,,,
Lesotho,MtCO2e,,,,,,,,,,,,,,,,,,,,,,,,,,,,,,,,,,,,,,,,,,,,,,,,,,,,,,,,,,,,,,,,,,,,,,,,,,,,,,,,,,,,,,,,,,,,,,,,,,,,,,,,,,,,,,,,,,,,,,,,,,,,,,,,,,,,,,,,,,,,,,,,,,,,,,,,,,,,,,,,,,,,,,,,
Russia,MtCO2e,0.01,0.01,0.01,0.01,0.01,0.01,0.01,0.01,0.01,0.01,0.01,0.01,0.01,0.01,0.01,0.01,0.01,0.01,0.01,0.01,0.01,0.01,0.01,0.01,0.01,0.01,0.01,0.01,0.01,0.01,0.01,0.01,0.01,0.01,0.01,0.01,0.01,0.01,0.01,0.01,0.01,0.01,0.01,0.01,0.02,0.02,0.03,0.03,0.04,0.04,0.05,0.05,0.05,0.06,0.06,0.06,0.06,0.07,0.07,0.07,0.08,0.08,0.08,0.09,0.09,0.1,0.1,0.11,0.11,0.12,0.12,0.22,0.47,0.83,1.28,1.77,2.27,2.74,3.14,3.44,3.6,3.62,3.53,3.37,3.16,2.92,2.68,2.46,2.3,2.21,2.22,2.3,2.4,2.52,2.65,2.8,2.97,3.15,3.33,3.53,3.73,3.95,4.19,4.46,4.74,5.05,5.38,5.72,6.08,6.46,6.85,7.29,7.8,8.36,8.97,9.63,10.3,11,11.7,12.4,14.4,15.7,16.7,19.1,21.2,20.9,23.8,25.8,27.7,29.4,31,32.4,32,36.8,39.5,40.7,44,47,53.4,57.4,52.4,51.7,43.5,33,29.7,29.5,26.7,29.5,32.8,33.2,37.4,35.3,27.8,22.5,26.5,27.7,25.1,23.4,23.8,17,18.1,15.5,26.8,30.5,29.1,27,28.3,38.7
Mexico,MtCO2e,0,0,0,0,0,0,0,0,0,0,0,0,0,0,0,0,0,0,0,0,0,0,0,0,0,0,0,0,0,0,0,0,0,0,0,0,0,0,0,0,0,0,0,0,0,0,0,0,0,0,0,0,0,0,0,0,0,0,0,0,0,0,0,0,0,0,0,0,0,0,0,0.01,0.01,0.02,0.02,0.03,0.04,0.05,0.06,0.06,0.06,0.07,0.07,0.06,0.06,0.06,0.06,0.06,0.06,0.06,0.06,0.06,0.06,0.06,0.07,0.07,0.07,0.08,0.08,0.09,0.09,0.09,0.1,0.11,0.11,0.12,0.13,0.13,0.14,0.15,0.16,0.17,0.18,0.19,0.2,0.21,0.23,0.24,0.25,0.27,0.28,0.32,0.33,0.35,0.38,0.36,0.41,0.43,0.46,0.48,0.5,0.52,0.51,0.54,0.59,0.59,0.65,0.86,0.92,0.93,1.23,1.24,0.89,1.08,0.74,0.77,2.1,2.17,1.82,2.39,2.54,2.18,2.83,3.02,3.13,4.54,6.15,7.44,8.23,8.29,8.79,8.93,8.2,8.59,9.69,8.68,11.1,11.6
Poland,MtCO2e,0,0,0,0,0,0,0,0,0,0,0,0,0,0,0,0,0,0,0,0,0,0,0,0,0,0,0,0,0,0,0,0,0,0,0,0,0,0,0,0,0,0,0,0,0,0,0,0,0,0,0,0,0,0,0,0,0,0,0,0,0,0,0,0,0,0,0,0,0.01,0.01,0.01,0.01,0.01,0.01,0.02,0.02,0.03,0.03,0.04,0.04,0.05,0.05,0.05,0.06,0.06,0.06,0.07,0.07,0.07,0.07,0.08,0.08,0.08,0.09,0.09,0.09,0.1,0.1,0.11,0.11,0.12,0.12,0.13,0.14,0.14,0.15,0.16,0.17,0.17,0.18,0.19,0.2,0.21,0.22,0.24,0.25,0.26,0.27,0.28,0.29,0.3,0.3,0.31,0.31,0.31,0.31,0.31,0.32,0.3,0.3,0.29,0.21,0.14,0.15,0.16,0.17,0.17,0.17,0.17,0.16,0.16,0.16,0.16,0.19,0.23,0.36,0.52,0.68,0.77,0.97,1.57,2.15,2.74,3.3,3.96,4.77,5.63,6.23,6.53,6.35,7.06,7.68,8.02,8.42,9.04,9.08,6.82,6.99
Romania,MtCO2e,0,0,0,0,0,0,0,0,0,0,0,0,0,0,0,0,0,0,0,0,0,0,0,0,0,0,0,0,0,0,0,0,0,0,0,0,0,0,0,0,0,0,0,0,0,0,0,0.01,0.01,0.01,0.01,0.01,0.01,0.01,0.01,0.01,0.01,0.01,0.01,0.01,0.01,0.01,0.01,0.01,0.01,0.02,0.02,0.02,0.02,0.02,0.02,0.02,0.03,0.04,0.06,0.08,0.1,0.11,0.13,0.15,0.16,0.17,0.19,0.2,0.21,0.22,0.23,0.24,0.25,0.26,0.27,0.28,0.29,0.3,0.32,0.33,0.34,0.36,0.37,0.39,0.41,0.43,0.45,0.47,0.5,0.52,0.55,0.58,0.61,0.64,0.67,0.7,0.74,0.78,0.82,0.86,0.91,0.95,0.99,1.02,1.44,1.58,1.73,2,2.65,2.89,2.94,2.97,3.02,3.08,3.43,3.44,2.96,3.18,3.47,3.52,3.6,3.7,3.78,4.45,2.81,2.58,1.8,1.87,1.98,2.36,2.35,2.35,2.31,2.12,1.75,1.49,1.17,0.54,0.46,0.48,0.57,0.72,1,0.98,1.05,1.15,1.26,1.36,1.43,1.7,1.95,2.24
Malaysia,MtCO2e,0,0,0,0,0,0,0,0,0,0,0,0,0,0,0,0,0,0,0,0,0,0,0,0,0,0,0,0,0,0,0,0,0,0,0,0,0,0,0,0,0,0,0,0,0,0,0,0,0,0,0,0,0,0,0,0,0,0,0,0,0,0,0,0,0,0,0,0,0,0,0,0,0,0,0,0,0,0,0,0,0,0,0,0,0,0,0,0,0,0,0,0,0,0,0,0,0,0,0,0,0,0,0,0,0,0,0,0,0,0,0,0,0,0,0,0,0,0,0,0,0,0,0.01,0.01,0.02,0.03,0.04,0.05,0.05,0.07,0.08,0.07,0.07,0.07,0.08,0.08,0.09,0.1,0.1,0.12,0.13,0.15,0.16,0.16,0.16,0.15,0.14,0.12,0.1,0.4,0.29,0.67,0.85,0.72,0.85,0.97,1.05,1.17,1.31,1.15,1.21,1.51,1.6,1.7,1.8,1.9,2,2.1
Netherlands,MtCO2e,0,0,0,0,0,0,0,0,0,0,0,0,0,0,0,0,0,0,0,0,0,0,0,0,0,0,0,0,0,0,0,0,0,0,0,0,0,0,0,0,0,0,0,0,0,0,0,0,0,0,0,0,0,0,0,0,0,0,0,0,0,0,0,0,0,0,0,0,0.01,0.01,0.01,0.02,0.06,0.12,0.18,0.26,0.34,0.41,0.47,0.51,0.53,0.52,0.49,0.45,0.4,0.35,0.29,0.24,0.2,0.18,0.17,0.17,0.18,0.2,0.21,0.23,0.24,0.27,0.29,0.31,0.33,0.35,0.38,0.41,0.44,0.47,0.51,0.55,0.59,0.64,0.68,0.73,0.79,0.86,0.94,1.02,1.11,1.2,1.3,1.4,1.98,2.46,2.96,3.42,4.16,4.05,4.34,4.4,4.78,4.86,5.01,5.09,4.83,5.03,5.31,5.3,5.63,5.84,6.34,6.57,8.48,7.13,8.16,8.88,10.7,10.1,12.4,13.3,14,8.05,6.93,4.14,4.65,2.78,2.51,2.31,2.52,2.72,2.74,2.82,3.15,2.86,2.78,2.33,1.89,2.09,2.17,2.04
Norway,MtCO2e,0,0,0,0,0,0,0,0,0,0,0,0,0,0,0,0,0,0,0,0,0,0,0,0,0,0,0,0,0,0,0,0,0,0,0,0,0,0,0,0,0,0,0,0.01,0.01,0.01,0.01,0.01,0.02,0.02,0.02,0.02,0.02,0.02,0.03,0.03,0.03,0.03,0.03,0.03,0.03,0.03,0.04,0.04,0.04,0.04,0.04,0.05,0.05,0.05,0.05,0.06,0.09,0.12,0.17,0.21,0.27,0.32,0.37,0.41,0.45,0.48,0.52,0.55,0.58,0.61,0.64,0.66,0.69,0.72,0.75,0.78,0.82,0.85,0.89,0.92,0.96,1,1.05,1.1,1.15,1.2,1.26,1.33,1.4,1.47,1.55,1.63,1.71,1.79,1.88,1.97,2.08,2.19,2.31,2.44,2.56,2.67,2.78,2.87,3.21,3.05,3.19,3.6,3.73,3.45,3.61,3.68,3.58,3.78,3.66,3.71,3.75,4.05,4.57,4.68,4.78,5.11,5.77,6.01,5.99,5.45,3.33,3.38,3.23,2.99,2.78,2.63,2.65,2.75,2.79,2.76,2.46,1.83,1.88,1.87,1.74,1.74,1.76,1.35,1.37,1.42,1.39,1.39,1.46,1.45,1.61,1.59
New Zealand,MtCO2e,0,0,0,0,0,0,0,0,0,0,0,0,0,0,0,0,0,0,0,0,0,0,0,0,0,0,0,0,0,0,0,0,0,0,0,0,0,0,0,0,0,0,0,0,0,0,0,0,0,0,0,0,0,0,0,0,0,0,0,0,0,0,0,0,0,0,0,0,0,0,0,0,0,0,0,0,0,0,0,0,0,0,0,0,0,0,0,0,0,0,0,0,0,0,0,0,0,0,0,0,0,0,0,0,0,0,0,0,0,0,0,0,0,0,0,0,0,0,0,0,0,0.09,0.36,0.48,0.45,0.45,0.57,0.6,0.63,0.65,0.65,0.65,0.68,0.91,1.01,1.01,0.97,1.02,1.01,0.99,0.93,0.93,0.48,0.23,0.22,0.2,0.36,0.31,0.29,0.26,0.3,0.37,0.48,0.63,0.68,0.76,0.9,0.95,1.05,1.05,1.12,1.23,1.29,1.37,1.45,1.61,1.59,1.58
Mauritius,MtCO2e,,,,,,,,,,,,,,,,,,,,,,,,,,,,,,,,,,,,,,,,,,,,,,,,,,,,,,,,,,,,,,,,,,,,,,,,0,0,0,0,0,0,0,0,0,0,0,0,0,0,0,0,0,0,0,0,0,0,0,0,0,0,0,0,0,0,0,0,0,0,0,0,0,0,0,0,0,0,0,0,0,0,0,0,0,0,0,0,0,0,0,0,0,0,0,0,0,0,0,0,0,0,0,0,0,0,0,0,0,0,0,0,0.01,0.01,0.01,0.09,0.15,0.1,0.06,0.05,0.01,0.5,0.55,0.6,0.65,0.7,0.76,0.81,0.86,0.94,1.01,1.08,1.14
Montenegro,MtCO2e,0,0,0,0,0,0,0,0,0,0,0,0,0,0,0,0,0,0,0,0,0,0,0,0,0,0,0,0,0,0,0,0,0,0,0,0,0,0,0,0,0,0,0,0,0,0,0,0,0,0,0,0,0.01,0.01,0.01,0.01,0.01,0.01,0.01,0.01,0.01,0.01,0.01,0.01,0.01,0.01,0.01,0.01,0.01,0.01,0.01,0.01,0.02,0.03,0.04,0.05,0.06,0.07,0.08,0.09,0.1,0.11,0.11,0.12,0.13,0.13,0.14,0.15,0.15,0.16,0.17,0.17,0.18,0.19,0.19,0.2,0.21,0.22,0.23,0.24,0.25,0.26,0.28,0.29,0.3,0.32,0.34,0.35,0.37,0.39,0.41,0.43,0.45,0.48,0.5,0.53,0.56,0.58,0.6,0.62,0.62,1.65,0.94,1.18,1.9,2.17,2.55,1.65,1.66,2.17,2.08,2.23,3.05,3.59,3.92,3.78,3.31,3.19,3.37,3.27,2.39,3.14,1.99,0.74,0.08,0.29,0.31,1.67,1.6,1.83,2.32,2.49,2.6,2.18,2.01,1.93,2.08,2.28,1.37,1.11,1.31,1.32,0.96,0.91,1.02,1.08,0.88,0.93
Peru,MtCO2e,,,,,,,,,,,,,,,,,,,,,,,,,,,,,,,,,,,,,,,,,,,,,,,,,,,,,,,,,,,,,,,,,,,,,,,,0,0,0,0,0,0,0,0,0,0,0,0,0,0,0,0,0,0,0,0,0,0,0,0,0,0,0,0,0,0,0,0,0,0,0,0,0,0,0,0,0,0,0,0,0,0,0,0,0,0,0,0,0,0,0,0,0,0,0,0,0,0,0,0,0,0,0,0,0,0,0,0,0,0.01,0.02,0.04,0.06,0.07,0.09,0.12,0.14,0.19,0.24,0.3,0.38,0.42,0.47,0.52,0.57,0.62,0.64,0.68,0.72,0.77,0.81,0.86,0.9
Lithuania,MtCO2e,0,0,0,0,0,0,0,0,0,0,0,0,0,0,0,0,0,0,0,0,0,0,0,0,0,0,0,0,0,0,0,0,0,0,0,0,0,0,0,0,0,0,0,0,0,0,0,0,0,0,0,0,0,0,0,0,0,0,0,0,0,0,0,0,0,0,0,0,0,0,0,0,0,0,0,0,0,0,0,0,0,0,0,0,0,0,0,0,0,0,0,0,0,0,0,0,0,0,0,0,0,0,0,0,0,0,0,0,0,0,0,0,0,0,0,0,0,0,0,0,0,0,0,0,0,0,0,0,0,0,0,0,0,0,0,0,0,0,0,0,0,0,0,0,0,0.01,0.01,0.02,0.02,0.03,0.03,0.04,0.05,0.06,0.08,0.1,0.13,0.17,0.21,0.23,0.27,0.32,0.37,0.42,0.48,0.59,0.75,0.73
Mozambique,MtCO2e,,,,,,,,,,,,,,,,,,,,,,,,,,,,,,,,,,,,,,,,,,,,,,,,,,,,,,,,,,,,,,,,,,,,,,,,0,0,0,0,0,0,0,0,0,0,0,0,0,0,0,0,0,0,0,0,0,0,0,0,0,0,0,0,0,0,0,0,0,0,0,0,0,0,0,0,0,0,0,0,0,0,0,0,0,0,0,0,0,0,0,0,0,0,0,0,0,0,0,0,0,0,0,0,0,0,0,0,0,0,0,0,0.01,0.01,0.02,0.05,0.16,0.16,0.23,0.31,0.33,0.34,0.35,0.35,0.37,0.39,0.47,0.51,0.54,0.57,0.6,0.64,0.67
Libya,MtCO2e,,,,,,,,,,,,,,,,,,,,,,,,,,,,,,,,,,,,,,,,,,,,,,,,,,,,,,,,,,,,,,,,,,,,,,,,,,,,,,,,,,,,,,,,,,,,,,,,,,,,,,,,,,,,,,,,,,,,,,,,,,0.01,0.02,0.05,0.07,0.14,0.14,0.15,0.16,0.17,0.19,0.16,0.15,0.14,0.15,0.16,0.18,0.2,0.21,0.25,0.27,0.25,0.23,0.18,0.15,0.11,0.13,0.13,0.13,0.15,0.17,0.19,0.2,0.22,0.24,0.27,0.28,0.3,0.32,0.32,0.33,0.35,0.36,0.38,0.39,0.41,0.42,0.44
Philippines,MtCO2e,,,,,,,,,,,,,,,,,,,,,,,,,,,,,,,,,,,,,,,,,,,,,,,,,,,,,,,,,,,,,,,,,,,,,,,,,,,,,,,,,,,,,,,,,,,,,,,,,,,,,,,,,,,,,,,,,,,,,,,,,,0.03,0.06,0.09,0.12,0.18,0.23,0.26,0.28,0.32,0.34,0.29,0.26,0.23,0.23,0.22,0.21,0.2,0.18,0.17,0.15,0.23,0.29,0.32,0.34,0.34,0.31,0.27,0.23,0.22,0.21,0.23,0.26,0.29,0.32,0.35,0.37,0.39,0.4,0.35,0.36,0.36,0.37,0.38,0.38,0.39,0.4,0.4
Macedonia,MtCO2e,,,,,,,,,,,,,,,,,,,,,,,,,,,,,,,,,,,,,,,,,,,,,,,,,,,,,,,,,,,,,,,,,,,,,,,,,,,,,,,,,,,,,,,,,,,,,,,,,,,,,,,,,,,,,,,,,,,,,,,,,,,,,,,,,,,,,,,0,,,,,0,0.13,0.13,0.12,0.12,0.12,0.12,0.12,0.12,0.13,0.14,0.15,0.15,0.16,0.17,0.23,0.29,0.35,0.41,0.47,0.38,0.3,0.21,0.12,0.2,0.22,0.31,0.32,0.33
Malta,MtCO2e,,,,,,,,,,,,,,,,,,,,,,,,,,,,,,,,,,,,,,,,,,,,,,,,,,,,,,,,,,,,,,,,,,,,,,,,0,0,0,0,0,0,0,0,0,0,0,0,0,0,0,0,0,0,0,0,0,0,0,0,0,0,0,0,0,0,0,0,0,0,0,0,0,0,0,0,0,0,0,0,0,0,0,0,0,0,0,0,0,0,0,0,0,0,0,0,0,0,0,0,0,0,0,0,0,0,0,0,0,0,0,0,0,0,0,0.01,0.01,0.02,0.02,0.03,0.04,0.08,0.1,0.11,0.14,0.15,0.17,0.2,0.22,0.23,0.25,0.26,0.31
Moldova,MtCO2e,0,0,0,0,0,0,0,0,0,0,0,0,0,0,0,0,0,0,0,0,0,0,0,0,0,0,0,0,0,0,0,0,0,0,0,0,0,0,0,0,0,0,0,0,0,0,0,0,0,0,0,0,0,0,0,0,0,0,0,0,0,0,0,0,0,0,0,0,0,0,0,0,0,0,0,0,0,0,0,0,0,0,0,0,0,0,0,0,0,0,0,0,0,0,0,0,0,0,0,0,0,0,0,0,0,0,0,0,0,0,0,0,0,0,0,0,0,0,0,0,0,0,0,0,0,0,0,0,0,0,0,0,0,0,0,0,0,0,0,0,0,0,0,0,0,0,0.01,0.01,0.01,0.01,0.01,0.01,0.02,0.03,0.04,0.05,0.06,0.08,0.1,0.11,0.12,0.14,0.15,0.16,0.17,0.2,0.21,0.22
Papua New Guinea,MtCO2e,,,,,,,,,,,,,,,,,,,,,,,,,,,,,,,,,,,,,,,,,,,,,,,,,,,,,,,,,,,,,,,,,,,,,,,,0,0,0,0,0,0,0,0,0,0,0,0,0,0,0,0,0,0,0,0,0,0,0,0,0,0,0,0,0,0,0,0,0,0,0,0,0,0,0,0,0,0,0,0,0,0,0,0,0,0,0,0,0,0,0,0,0,0,0,0,0,0,0,0,0,0,0,0,0,0,0,0,0,0.01,0.01,0.01,0.01,0.01,0.01,0,0.01,0.02,0.03,0.05,0.06,0.07,0.09,0.1,0.11,0.12,0.12,0.13,0.13,0.14,0.15,0.16,0.17
Pakistan,MtCO2e,,,,,,,,,,,,,,,,,,,,,,,,,,,,,,,,,,,,,,,,,,,,,,,,,,,,,,,,,,,,,,,,,,,,,,,,,,,,,,,,,,,,,,,,,,,,,,,,,,,,,,,,,,,,,,,,,,,,,,,,,,0.01,0.01,0.02,0.03,0.04,0.06,0.09,0.11,0.14,0.18,0.17,0.17,0.17,0.21,0.25,0.26,0.28,0.28,0.32,0.32,0.29,0.26,0.2,0.15,0.11,0.11,0.1,0.1,0.1,0.11,0.14,0.16,0.19,0.23,0.26,0.28,0.29,0.01,0.01,0.01,0.13,0.13,0.13,0.13,0.13,0.13,0.13
Mongolia,MtCO2e,,,,,,,,,,,,,,,,,,,,,,,,,,,,,,,,,,,,,,,,,,,,,,,,,,,,,,,,,,,,,,,,,,,,,,,,,,,,,,,,,,,,,,,,,,,,,,,,,,,,,,,,,,,,,,,,,,,,,,,,,,,,,,,,,,,,,,,,,,,,,,,,,,,,,,,,,,,,,,0,0.01,0.02,0.04,0.07,0.1,0.11,0.12,0.1,0.11,0.12
Luxembourg,MtCO2e,0,0,0,0,0,0,0,0,0,0,0,0,0,0,0,0,0,0,0,0,0,0,0,0,0,0,0,0,0,0,0,0,0,0,0,0,0,0,0,0,0,0,0,0,0,0,0,0,0,0,0,0,0,0,0,0,0,0,0,0,0,0,0,0,0,0,0,0,0,0,0,0,0,0,0,0,0,0,0,0,0,0,0,0,0,0,0,0,0,0,0,0,0,0,0,0,0,0,0,0,0,0,0,0,0,0,0,0,0,0,0,0,0,0,0,0,0,0,0,0,0,0,0,0,0,0,0,0,0,0,0,0,0,0,0,0,0,0,0,0,0,0,0.01,0.01,0.02,0.02,0.02,0.02,0.03,0.03,0.03,0.04,0.05,0.05,0.05,0.05,0.05,0.05,0.06,0.06,0.06,0.07,0.07,0.07,0.08,0.08,0.08,0.08
Mauritania,MtCO2e,,,,,,,,,,,,,,,,,,,,,,,,,,,,,,,,,,,,,,,,,,,,,,,,,,,,,,,,,,,,,,,,,,,,,,,,,,,,,,,,,,,,,,,,,,,,,,,,,,,,,,,,,,,,,,,,,,,,,,,,,,,,,,,,,,,,,,,,,,,,,,,,,,,0,0,0,0,0,0,0,0,0,0,0,0.01,0.01,0.01,0.01,0.01,0.01,0.01,0.01,0.01,0.01,0.01
Liechtenstein,MtCO2e,0,0,0,0,0,0,0,0,0,0,0,0,0,0,0,0,0,0,0,0,0,0,0,0,0,0,0,0,0,0,0,0,0,0,0,0,0,0,0,0,0,0,0,0,0,0,0,0,0,0,0,0,0,0,0,0,0,0,0,0,0,0,0,0,0,0,0,0,0,0,0,0,0,0,0,0,0,0,0,0,0,0,0,0,0,0,0,0,0,0,0,0,0,0,0,0,0,0,0,0,0,0,0,0,0,0,0,0,0,0,0,0,0,0,0,0,0,0,0,0,0,0,0,0,0,0,0,0,0,0,0,0,0,0,0,0,0,0,0,0,0,0,0,0,0,0,0,0,0,0,0,0.01,0.01,0.01,0.01,0.01,0.01,0.01,0.01,0.01,0.01,0.01,0.01,0.01,0.01,0.01,0.01,0.01
"Macao, Special Administrative Region of China",MtCO2e,,,,,,,,,,,,,,,,,,,,,,,,,,,,,,,,,,,,,,,,,,,,,,,,,,,,,,,,,,,,,,,,,,,,,,,,,,,,,,,,,,,,,,,,,,,,,,,,,,,,,,,,,,,,,,,,,,,,,,,,,,,,,,,,,,,,,,,,,,,,,,,,,,,,,,,,,,,,,,,,,,,,,,,,
Madagascar,MtCO2e,,,,,,,,,,,,,,,,,,,,,,,,,,,,,,,,,,,,,,,,,,,,,,,,,,,,,,,,,,,,,,,,,,,,,,,,0,0,0,0,0,0,0,0,0,0,0,0,0,0,0,0,0,0,0,0,0,0,0,0,0,0,0,0,0,0,0,0,0,0,0,0,0,0,0,0,0,0,0,0,0,0,0,0,0,0,0,0,0,0,0,0,0,0,0,0,0,0,0,0,0,0,0,0,0,0,0,0,0,0,0,0,0,0,0,0,0,0,0.01,0.01,0.01,0.01,0.01,0.01,0.01,0.01,0.01,0.01,0.01,0.01,0.02,0.02,0.02
Malawi,MtCO2e,,,,,,,,,,,,,,,,,,,,,,,,,,,,,,,,,,,,,,,,,,,,,,,,,,,,,,,,,,,,,,,,,,,,,,,,,,,,,,,,,,,,,,,,,,,,,,,,,,,,,,,,,,,,,,,,,,,,,,,,,,,,,,,,,,,,,,,,,,,,,,,,,,,,,,,,,,,,,,,,,,,,,,,,
Maldives,MtCO2e,,,,,,,,,,,,,,,,,,,,,,,,,,,,,,,,,,,,,,,,,,,,,,,,,,,,,,,,,,,,,,,,,,,,,,,,,,,,,,,,,,,,,,,,,,,,,,,,,,,,,,,,,,,,,,,,,,,,,,,,,,,,,,,,,,,,,,,,,,,,,,,,,,,,,,,,,,,,,,,,,,,,,,,,
Mali,MtCO2e,,,,,,,,,,,,,,,,,,,,,,,,,,,,,,,,,,,,,,,,,,,,,,,,,,,,,,,,,,,,,,,,,,,,,,,,,,,,,,,,,,,,,,,,,,,,,,,,,,,,,,,,,,,,,,,,,,,,,,,,,,,,,,,,,,,,,,,,,,,,,,,,,,,,,,,,,,,,,,,,,,,,,,,,
Marshall Islands,MtCO2e,,,,,,,,,,,,,,,,,,,,,,,,,,,,,,,,,,,,,,,,,,,,,,,,,,,,,,,,,,,,,,,,,,,,,,,,,,,,,,,,,,,,,,,,,,,,,,,,,,,,,,,,,,,,,,,,,,,,,,,,,,,,,,,,,,,,,,,,,,,,,,,,,,,,,,,,,,,,,,,,,,,,,,,,
Micronesia,MtCO2e,,,,,,,,,,,,,,,,,,,,,,,,,,,,,,,,,,,,,,,,,,,,,,,,,,,,,,,,,,,,,,,,,,,,,,,,,,,,,,,,,,,,,,,,,,,,,,,,,,,,,,,,,,,,,,,,,,,,,,,,,,,,,,,,,,,,,,,,,,,,,,,,,,,,,,,,,,,,,,,,,,,,,,,,
Monaco,MtCO2e,0,0,0,0,0,0,0,0,0,0,0,0,0,0,0,0,0,0,0,0,0,0,0,0,0,0,0,0,0,0,0,0,0,0,0,0,0,0,0,0,0,0,0,0,0,0,0,0,0,0,0,0,0,0,0,0,0,0,0,0,0,0,0,0,0,0,0,0,0,0,0,0,0,0,0,0,0,0,0,0,0,0,0,0,0,0,0,0,0,0,0,0,0,0,0,0,0,0,0,0,0,0,0,0,0,0,0,0,0,0,0,0,0,0,0,0,0,0,0,0,0,0,0,0,0,0,0,0,0,0,0,0,0,0,0,0,0,0,0,0,0,0,0,0,0,0,0,0,0,0,0,0,0,0,0,0,0,0,0,0,0,0.01,0,0.01,0,0.01,0.01,0.01
Morocco,MtCO2e,,,,,,,,,,,,,,,,,,,,,,,,,,,,,,,,,,,,,,,,,,,,,,,,,,,,,,,,,,,,,,,,,,,,,,,,,,,,,,,,,,,,,,,,,,,,,,,,,,,,,,,,,,,,,,,,,,,,,,,,,,,,,,,,,,,,,,,,,,,,,,,,,,,,,,,,,,,,,,,,,,,,,,,,
Myanmar,MtCO2e,,,,,,,,,,,,,,,,,,,,,,,,,,,,,,,,,,,,,,,,,,,,,,,,,,,,,,,,,,,,,,,,,,,,,,,,,,,,,,,,,,,,,,,,,,,,,,,,,,,,,,,,,,,,,,,,,,,,,,,,,,,,,,,,,,,,,,,,,,,,,,,,,,,,,,,,,,,,,,,,,,,,,,,,
Namibia,MtCO2e,,,,,,,,,,,,,,,,,,,,,,,,,,,,,,,,,,,,,,,,,,,,,,,,,,,,,,,,,,,,,,,,,,,,,,,,,,,,,,,,,,,,,,,,,,,,,,,,,,,,,,,,,,,,,,,,,,,,,,,,,,,,,,,,,,,,,,,,,,,,,,,,,,,,,,,,,,,,,,,,,,,,,,,,
Nauru,MtCO2e,,,,,,,,,,,,,,,,,,,,,,,,,,,,,,,,,,,,,,,,,,,,,,,,,,,,,,,,,,,,,,,,,,,,,,,,,,,,,,,,,,,,,,,,,,,,,,,,,,,,,,,,,,,,,,,,,,,,,,,,,,,,,,,,,,,,,,,,,,,,,,,,,,,,,,,,,,,,,,,,,,,,,,,,
Nepal,MtCO2e,,,,,,,,,,,,,,,,,,,,,,,,,,,,,,,,,,,,,,,,,,,,,,,,,,,,,,,,,,,,,,,,,,,,,,,,,,,,,,,,,,,,,,,,,,,,,,,,,,,,,,,,,,,,,,,,,,,,,,,,,,,,,,,,,,,,,,,,,,,,,,,,,,,,,,,,,,,,,,,,,,,,,,,,
Netherlands Antilles,MtCO2e,,,,,,,,,,,,,,,,,,,,,,,,,,,,,,,,,,,,,,,,,,,,,,,,,,,,,,,,,,,,,,,,,,,,,,,,,,,,,,,,,,,,,,,,,,,,,,,,,,,,,,,,,,,,,,,,,,,,,,,,,,,,,,,,,,,,,,,,,,,,,,,,,,,,,,,,,,,,,,,,,,,,,,,,
Nicaragua,MtCO2e,,,,,,,,,,,,,,,,,,,,,,,,,,,,,,,,,,,,,,,,,,,,,,,,,,,,,,,,,,,,,,,,,,,,,,,,,,,,,,,,,,,,,,,,,,,,,,,,,,,,,,,,,,,,,,,,,,,,,,,,,,,,,,,,,,,,,,,,,,,,,,,,,,,,,,,,,,,,,,,,,,,,,,,,
Niger,MtCO2e,,,,,,,,,,,,,,,,,,,,,,,,,,,,,,,,,,,,,,,,,,,,,,,,,,,,,,,,,,,,,,,,,,,,,,,,,,,,,,,,,,,,,,,,,,,,,,,,,,,,,,,,,,,,,,,,,,,,,,,,,,,,,,,,,,,,,,,,,,,,,,,,,,,,,,,,,,,,,,,,,,,,,,,,
Nigeria,MtCO2e,,,,,,,,,,,,,,,,,,,,,,,,,,,,,,,,,,,,,,,,,,,,,,,,,,,,,,,,,,,,,,,,,,,,,,,,0,0,0,0,0,0,0,0,0,0,0,0,0,0,0,0,0,0,0,0,0,0,0,0,0,0,0,0,0,0,0,0,0,0,0,0,0,0,0,0,0,0,0,0,0,0,0,0,0,0,0,0,0,0,0.01,0.01,0.01,0.02,0.03,0.03,0.06,0.07,0.07,0.08,0.09,0.11,0.14,0.16,0.2,0.23,0.15,0.12,0.09,0.06,0.04,0.07,0.1,0.15,0.23,0.27,0.33,0.39,0.48,0.58,0.7,0.77,0.84,0.93,1.02,1.11,1.14,1.22,1.29,1.37,1.45,1.52,1.6
Niue,MtCO2e,,,,,,,,,,,,,,,,,,,,,,,,,,,,,,,,,,,,,,,,,,,,,,,,,,,,,,,,,,,,,,,,,,,,,,,,,,,,,,,,,,,,,,,,,,,,,,,,,,,,,,,,,,,,,,,,,,,,,,,,,,,,,,,,,,,,,,,,,,,,,,,,,,,,,,,,,,,,,,,,,,,,,,,,
Portugal,MtCO2e,0,0,0,0,0,0,0,0,0,0,0,0,0,0,0,0,0,0,0,0,0,0,0,0,0,0,0,0,0,0,0,0,0,0,0,0,0,0,0,0,0,0,0,0,0,0,0,0,0,0,0,0,0,0,0,0,0,0,0,0,0,0,0,0,0,0,0,0,0,0,0,0,0,0,0,0,0,0,0,0,0,0,0,0,0,0,0,0,0,0,0,0,0,0,0,0,0,0,0,0,0,0,0,0,0,0,0,0,0,0,0,0,0,0,0,0,0,0,0,0,0,0,0,0,0,0,0,0,0,0,0.01,0.01,0.01,0.01,0,0.01,0.01,0.01,0.01,0.01,0.01,0.02,0.02,0.03,0.06,0.12,0.15,0.21,0.28,0.36,0.44,0.55,0.69,0.82,0.94,1.11,1.29,1.52,1.77,1.96,2.15,2.32,2.48,2.66,2.79,2.94,3.1,3.3
Oman,MtCO2e,,,,,,,,,,,,,,,,,,,,,,,,,,,,,,,,,,,,,,,,,,,,,,,,,,,,,,,,,,,,,,,,,,,,,,,,0,0,0,0,0,0,0,0,0,0,0,0,0,0,0,0,0,0,0,0,0,0,0,0,0,0,0,0,0,0,0,0,0,0,0,0,0,0,0,0,0,0,0,0,0,0,0,0,0,0,0,0,0,0,0,0,0,0,0,0,0,0,0,0,0,0,0,0,0,0,0,0,0,0,0.01,0.01,0.01,0.01,0.01,0.01,0.04,0.07,0.1,0.15,0.2,0.23,0.27,0.31,0.38,0.42,0.4,0.43,0.46,0.49,0.52,0.55,0.58
Palau,MtCO2e,,,,,,,,,,,,,,,,,,,,,,,,,,,,,,,,,,,,,,,,,,,,,,,,,,,,,,,,,,,,,,,,,,,,,,,,,,,,,,,,,,,,,,,,,,,,,,,,,,,,,,,,,,,,,,,,,,,,,,,,,,,,,,,,,,,,,,,,,,,,,,,,,,,,,,,,,,,,,,,,,,,,,,,,
Panama,MtCO2e,,,,,,,,,,,,,,,,,,,,,,,,,,,,,,,,,,,,,,,,,,,,,,,,,,,,,,,,,,,,,,,,,,,,,,,,,,,,,,,,,,,,,,,,,,,,,,,,,,,,,,,,,,,,,,,,,,,,,,,,,,,,,,,,,,,,,,,,,,,,,,,,,,,,,,,,,,,,,,,,,,,,,,,,
Paraguay,MtCO2e,,,,,,,,,,,,,,,,,,,,,,,,,,,,,,,,,,,,,,,,,,,,,,,,,,,,,,,,,,,,,,,,,,,,,,,,,,,,,,,,,,,,,,,,,,,,,,,,,,,,,,,,,,,,,,,,,,,,,,,,,,,,,,,,,,,,,,,,,,,,,,,,,,,,,,,,,,,,,,,,,,,,,,,,
Pitcairn,MtCO2e,,,,,,,,,,,,,,,,,,,,,,,,,,,,,,,,,,,,,,,,,,,,,,,,,,,,,,,,,,,,,,,,,,,,,,,,,,,,,,,,,,,,,,,,,,,,,,,,,,,,,,,,,,,,,,,,,,,,,,,,,,,,,,,,,,,,,,,,,,,,,,,,,,,,,,,,,,,,,,,,,,,,,,,,
Qatar,MtCO2e,,,,,,,,,,,,,,,,,,,,,,,,,,,,,,,,,,,,,,,,,,,,,,,,,,,,,,,,,,,,,,,,,,,,,,,,,,,,,,,,,,,,,,,,,,,,,,,,,,,,,,,,,,,,,,,,,,,,,,,,,,,,,,,,,,,,,,,,,,,,,,,,,,,,,,,,,,,,,,,,,,,,,,,,
Rwanda,MtCO2e,,,,,,,,,,,,,,,,,,,,,,,,,,,,,,,,,,,,,,,,,,,,,,,,,,,,,,,,,,,,,,,,,,,,,,,,0,0,0,0,0,0,0,0,0,0,0,0,0,0,0,0,0,0,0,0,0,0,0,0,0,0,0,0,0,0,0,0,0,0,0,0,0,0,0,0,0,0,0,0,0,0,0,0,0,0,0,0,0,0,0,0,0,0,0,0,0,0,0,0,0,0,0,0,0,0,0,0,0,0,0,0,0,0,0,0,0.01,0.01,0.02,0.04,0.05,0.06,0.07,0.08,0.09,0.1,0.1,0.1,0.11,0.12,0.13,0.14,0.14
Saint Helena,MtCO2e,,,,,,,,,,,,,,,,,,,,,,,,,,,,,,,,,,,,,,,,,,,,,,,,,,,,,,,,,,,,,,,,,,,,,,,,,,,,,,,,,,,,,,,,,,,,,,,,,,,,,,,,,,,,,,,,,,,,,,,,,,,,,,,,,,,,,,,,,,,,,,,,,,,,,,,,,,,,,,,,,,,,,,,,
"Taiwan, Republic of China",MtCO2e,0,0,0,0,0,0,0,0,0,0,0,0,0,0,0,0,0,0,0,0,0,0,0,0,0,0,0,0,0,0,0,0,0,0,0,0,0,0,0,0,0,0,0,0,0,0,0,0,0,0,0,0,0,0,0,0,0,0,0,0,0,0,0,0,0,0,0,0,0,0,0,0,0,0,0,0,0,0,0,0,0,0,0,0,0,0,0,0,0,0,0,0,0,0,0,0,0,0,0,0,0,0,0,0,0,0,0,0,0,0,0,0,0,0,0,0,0,0,0,0,0,0.02,0.05,0.08,0.11,0.18,0.24,0.27,0.3,0.34,0.37,0.38,0.4,0.43,0.56,0.65,0.68,0.71,0.72,0.77,0.78,0.86,0.86,0.89,0.96,1.3,1.9,3.14,3.1,4.36,6.29,5.72,7.02,7.86,8.24,7.29,8.35,8.73,9.11,7.35,7.91,9.81,10.2,10.6,11.1,11.5,11.9,12.3
Saint Lucia,MtCO2e,,,,,,,,,,,,,,,,,,,,,,,,,,,,,,,,,,,,,,,,,,,,,,,,,,,,,,,,,,,,,,,,,,,,,,,,0,0,0,0,0,0,0,0,0,0,0,0,0,0,0,0,0,0,0,0,0,0,0,0,0,0,0,0,0,0,0,0,0,0,0,0,0,0,0,0,0,0,0,0,0,0,0,0,0,0,0,0.01,0.01,0.01,0.01,0.01,0.01,0.01,0.01,0.01,0.01,0.01,0.01,0.01,0.01,0.01,0.01,0.02,0.02,0.02,0.02,0.02,0.02,0.03,0.03,0.04,0.04,0.05,0.05,0.05,0.05,0.05,0.05,0.05,0.05,0.05,0.05,0.05,0.05,0.05,0.05,0.05,0.05,0.05,0.05,0.05,0.05
Saint Vincent and the Grenadines,MtCO2e,,,,,,,,,,,,,,,,,,,,,,,,,,,,,,,,,,,,,,,,,,,,,,,,,,,,,,,,,,,,,,,,,,,,,,,,0,0,0,0,0,0,0,0,0,0,0,0,0,0,0,0,0,0,0,0,0,0,0,0,0,0,0,0,0,0,0,0,0,0,0,0,0,0,0,0,0,0,0,0,0,0,0,0,0,0,0,0,0,0,0,0,0,0,0,0,0,0,0,0,0,0,0,0,0,0,0,0,0,0,0,0,0,0,0,0,0,0,0,0,0,0,0,0,0,0,0,0,0,0,0,0.01,0.01
Samoa,MtCO2e,,,,,,,,,,,,,,,,,,,,,,,,,,,,,,,,,,,,,,,,,,,,,,,,,,,,,,,,,,,,,,,,,,,,,,,,,,,,,,,,,,,,,,,,,,,,,,,,,,,,,,,,,,,,,,,,,,,,,,,,,,,,,,,,,,,,,,,,,,,,,,,,,,,,,,,,,,,,,,,,,,,,,,,,
San Marino,MtCO2e,0,0,0,0,0,0,0,0,0,0,0,0,0,0,0,0,0,0,0,0,0,0,0,0,0,0,0,0,0,0,0,0,0,0,0,0,0,0,0,0,0,0,0,0,0,0,0,0,0,0,0,0,0,0,0,0,0,0,0,0,0,0,0,0,0,0,0,0,0,0,0,0,0,0,0,0,0,0,0,0,0,0,0,0,0,0,0,0,0,0,0,0,0,0,0,0,0,0,0,0,0,0,0,0,0,0,0,0,0,0,0,0,0,0,0,0,0,0,0,0,0,0,0,0,0,0,0,0,0,0,0,0,0,0,0,0,0,0,0,0,0,0,0,0,0,0,0,0,0,0,0,0.01,0.01,0.01,0.01,0.01,0.01,0.01,0.01,0.01,0.01,0.01,0.01,0.01,0.01,0.01,0.01,0.01
Sao Tome and Principe,MtCO2e,,,,,,,,,,,,,,,,,,,,,,,,,,,,,,,,,,,,,,,,,,,,,,,,,,,,,,,,,,,,,,,,,,,,,,,,,,,,,,,,,,,,,,,,,,,,,,,,,,,,,,,,,,,,,,,,,,,,,,,,,,,,,,,,,,,,,,,,,,,,,,,,,,,,,,,,,,,,,,,,,,,,,,,,
Singapore,MtCO2e,0,0,0,0,0,0,0,0,0,0,0,0,0,0,0,0,0,0,0,0,0,0,0,0,0,0,0,0,0,0,0,0,0,0,0,0,0,0,0,0,0,0,0,0,0,0,0,0,0,0,0,0,0,0,0,0,0,0,0,0,0,0,0,0,0,0,0,0,0,0,0,0,0,0,0,0,0,0,0,0,0,0,0,0,0,0,0,0,0,0,0,0,0,0,0,0,0,0,0,0,0,0,0,0,0,0,0,0,0,0,0,0,0,0,0,0,0,0,0,0,0,0.01,0.01,0.02,0.03,0.05,0.07,0.08,0.1,0.12,0.14,0.14,0.14,0.15,0.2,0.2,0.22,0.24,0.28,0.3,0.33,0.37,0.36,0.4,0.41,0.47,0.5,0.54,0.58,0.74,0.66,1.15,1.27,1.41,1.27,1.28,1.52,1.63,1.74,1.23,1.27,1.24,1.21,1.58,1.62,1.67,1.71,1.76
Thailand,MtCO2e,,,,,,,,,,,,,,,,,,,,,,,,,,,,,,,,,,,,,,,,,,,,,,,,,,,,,,,,,,,,,,,,,,,,,,,,,,,,,,,,,,,,,,,,,,,,,,,,,,,,,,,,,,,,,,,,,,,,,,,,,,0.02,0.04,0.08,0.12,0.2,0.27,0.32,0.35,0.42,0.47,0.47,0.49,0.51,0.65,0.79,0.9,1.02,1.09,1.28,1.36,1.37,1.34,1.17,1.03,0.88,0.78,0.66,0.54,0.49,0.43,0.54,0.65,0.77,0.91,1.05,1.11,1.16,1.22,1.05,1.08,1.11,1.13,1.16,1.19,1.22,1.25,1.28
Saudi Arabia,MtCO2e,,,,,,,,,,,,,,,,,,,,,,,,,,,,,,,,,,,,,,,,,,,,,,,,,,,,,,,,,,,,,,,,,,,,,,,,0,0,0,0,0,0,0,0,0,0,0,0,0,0,0,0,0,0,0,0,0,0,0,0,0,0,0,0,0,0,0,0,0,0,0,0,0,0,0,0,0,0,0,0,0,0,0,0,0,0,0.01,0.02,0.04,0.06,0.11,0.16,0.23,0.3,0.43,0.57,0.51,0.49,0.47,0.55,0.59,0.63,0.67,0.67,0.75,0.78,0.77,0.71,0.59,0.49,0.41,0.42,0.42,0.42,0.47,0.11,0.14,0.19,0.23,0.22,0.26,0.28,0.31,0.34,0.36,0.39,0.38,0.4,0.42,0.45,0.47,0.5,0.53
Senegal,MtCO2e,,,,,,,,,,,,,,,,,,,,,,,,,,,,,,,,,,,,,,,,,,,,,,,,,,,,,,,,,,,,,,,,,,,,,,,,,,,,,,,,,,,,,,,,,,,,,,,,,,,,,,,,,,,,,,,,,,,,,,,,,,,,,,,,,,,,,,,,,,,,,,,,,,,,,,,,,,,,,,,,,,,,,,,,
Serbia,MtCO2e,0,0,0,0,0,0,0,0,0,0,0,0,0,0,0,0,0,0,0,0,0,0,0,0,0,0,0,0,0,0,0,0,0,0,0,0,0,0,0,0,0,0,0,0,0,0,0,0,0,0,0,0,0,0,0,0,0,0,0,0,0,0,0,0,0,0,0,0,0,0,0,0,0.01,0.01,0.01,0.01,0.02,0.02,0.02,0.03,0.03,0.03,0.03,0.04,0.04,0.04,0.04,0.04,0.04,0.05,0.05,0.05,0.05,0.05,0.06,0.06,0.06,0.06,0.07,0.07,0.07,0.08,0.08,0.08,0.09,0.09,0.1,0.1,0.11,0.11,0.12,0.13,0.13,0.14,0.15,0.15,0.16,0.17,0.18,0.18,0.18,0.48,0.27,0.34,0.56,0.63,0.74,0.48,0.48,0.63,0.61,0.65,0.89,1.05,1.14,1.1,0.97,0.93,0.98,0.95,0.84,0.83,0.83,0.34,0.14,0.38,0.71,1.03,1.12,1.46,2.07,2.59,3.23,3.53,4.13,4.71,5.4,5.99,6.55,7.17,7.78,8.03,8.55,9.07,9.61,10.2,10.7,11.3
Seychelles,MtCO2e,,,,,,,,,,,,,,,,,,,,,,,,,,,,,,,,,,,,,,,,,,,,,,,,,,,,,,,,,,,,,,,,,,,,,,,,,,,,,,,,,,,,,,,,,,,,,,,,,,,,,,,,,,,,,,,,,,,,,,,,,,,,,,,,,,,,,,,,,,,,,,,,,,,,,,,,,,,,,,,,,,,,,,,,
Spain,MtCO2e,0,0,0,0,0,0,0,0,0,0,0,0,0,0,0,0,0,0,0,0,0,0,0,0,0,0,0,0,0,0,0,0,0,0,0,0,0,0,0,0,0,0,0,0,0,0,0,0,0,0,0,0,0,0,0,0,0,0,0,0,0,0,0,0,0,0,0,0,0,0,0.01,0.02,0.05,0.11,0.17,0.24,0.31,0.38,0.43,0.47,0.48,0.48,0.45,0.42,0.37,0.32,0.27,0.23,0.19,0.17,0.16,0.16,0.17,0.18,0.2,0.21,0.23,0.25,0.27,0.29,0.31,0.33,0.35,0.38,0.41,0.44,0.47,0.51,0.55,0.59,0.63,0.68,0.73,0.8,0.87,0.94,1.02,1.11,1.2,1.29,1.53,1.62,1.71,1.97,2.22,2.09,2.38,2.57,2.74,3.07,3.6,3.68,3.43,3.72,3.91,3.85,3.96,3.87,4.26,4.68,4.27,3.91,4.59,4,5.5,7.02,7.98,9.46,9.7,11.6,12.9,9.48,8.21,10.3,10.7,11.9,14.5,16.5,17.5,16,16.5,15.8,15.7,15.6,15.5,8.83,8.6,6.74
South Africa,MtCO2e,0,0,0,0,0,0,0,0,0,0,0,0,0,0,0,0,0,0,0,0,0,0,0,0,0,0,0,0,0,0,0,0,0,0,0,0,0,0,0,0,0,0,0,0,0,0,0,0,0,0,0,0,0,0,0,0,0,0,0,0,0,0,0,0,0,0,0,0,0,0,0,0,0,0,0,0,0,0,0,0,0,0,0,0,0,0,0,0,0,0,0,0,0,0,0,0,0,0,0,0,0,0,0,0,0,0,0,0,0,0,0,0,0,0,0,0,0,0,0,0,0,0.39,0.55,0.49,0.63,0.61,0.61,0.6,0.62,0.65,0.66,0.75,0.9,1.25,1.31,1.31,1.34,1.34,1.33,1.3,1.33,1.13,1.02,0.88,0.74,0.78,1.53,1.68,1.67,1.68,1.6,1.69,1.62,1.85,1.92,1.97,2.11,2.22,2.28,1.87,1.45,1.53,4.22,3.79,2.94,3.04,3.15,3.25
Venezuela,MtCO2e,0,0,0,0,0,0,0,0,0,0,0,0,0,0,0,0,0,0,0,0,0,0,0,0,0,0,0,0,0,0,0,0,0,0,0,0,0,0,0,0,0,0,0,0,0,0,0,0,0,0,0,0,0,0,0,0,0,0,0,0,0,0,0,0,0,0,0,0,0,0,0,0,0.01,0.02,0.03,0.04,0.05,0.06,0.07,0.08,0.08,0.08,0.08,0.07,0.06,0.06,0.05,0.04,0.04,0.03,0.03,0.03,0.03,0.03,0.04,0.04,0.04,0.05,0.05,0.05,0.06,0.06,0.06,0.07,0.07,0.08,0.09,0.09,0.1,0.11,0.11,0.12,0.13,0.14,0.15,0.17,0.18,0.2,0.21,0.23,0.3,0.32,0.34,0.39,0.52,0.52,0.58,0.63,0.79,1.39,2.04,2.08,1.9,2.26,2.55,2.65,2.78,2.86,2.97,3.53,3.77,3.8,3.46,3.18,2.59,2.58,2.47,2.43,1.96,1.26,1.3,1.4,1.09,1.06,1.63,1.44,1.76,1.94,2.19,2.34,2.54,1.95,1.98,2.06,2.13,2.21,2.29,2.36
Slovakia,MtCO2e,0,0,0,0,0,0,0,0,0,0,0,0,0,0,0,0,0,0,0,0,0,0,0,0,0,0,0,0,0,0,0,0,0,0,0,0,0,0,0,0,0,0,0,0,0,0,0,0,0,0,0,0,0,0,0,0,0,0,0,0,0,0,0,0,0,0,0,0,0,0,0,0,0.01,0.01,0.01,0.02,0.02,0.02,0.03,0.03,0.03,0.04,0.04,0.04,0.04,0.05,0.05,0.05,0.05,0.05,0.06,0.06,0.06,0.06,0.07,0.07,0.07,0.08,0.08,0.08,0.09,0.09,0.09,0.1,0.1,0.11,0.12,0.12,0.13,0.13,0.14,0.15,0.15,0.16,0.17,0.18,0.19,0.2,0.21,0.21,0.25,0.29,0.34,0.38,0.4,0.34,0.29,0.29,0.29,0.29,0.3,0.26,0.27,0.29,0.32,0.32,0.33,0.32,0.32,0.33,0.32,0.31,0.29,0.18,0.17,0.16,0.08,0.09,0.1,0.11,0.13,0.17,0.21,0.26,0.29,0.33,0.4,0.43,0.52,0.56,0.64,0.65,0.68,0.68,0.68,0.76,0.69,0.76
Slovenia,MtCO2e,0,0,0,0,0,0,0,0,0,0,0,0,0,0,0,0,0,0,0,0,0,0,0,0,0,0,0,0,0,0,0,0,0,0,0,0,0,0,0,0,0,0,0,0,0,0,0,0,0,0,0,0,0,0,0,0,0,0,0,0,0,0,0,0,0,0,0,0,0,0,0,0,0,0,0,0,0.01,0.01,0.01,0.01,0.01,0.01,0.01,0.01,0.01,0.01,0.01,0.01,0.01,0.01,0.01,0.02,0.02,0.02,0.02,0.02,0.02,0.02,0.02,0.02,0.02,0.03,0.03,0.03,0.03,0.03,0.03,0.04,0.04,0.04,0.04,0.04,0.04,0.05,0.05,0.05,0.05,0.06,0.06,0.06,0.06,0.15,0.09,0.11,0.17,0.2,0.23,0.15,0.15,0.2,0.19,0.2,0.27,0.25,0.28,0.29,0.24,0.28,0.23,0.23,0.22,0.15,0.17,0.17,0.17,0.17,0.17,0.18,0.17,0.17,0.19,0.21,0.23,0.26,0.28,0.3,0.32,0.31,0.25,0.26,0.28,0.3,0.32,0.34,0.35,0.38,0.39,0.39
Turkmenistan,MtCO2e,,,,,,,,,,,,,,,,,,,,,,,,,,,,,,,,,,,,,,,,,,,,,,,,,,,,,,,,,,,,,,,,,,,,,,,,0,0,0,0,0,0,0,0,0,0,0,0,0,0,0,0,0,0,0,0,0,0,0,0,0,0,0,0,0,0,0,0,0,0,0,0,0,0,0,0,0,0,0,0,0,0,0,0,0,0,0,0,0,0,0,0,0,0,0,0,0,0,0,0,0,0,0,0,0,0,0,0,0,0,0,0,0,0,0.01,0.01,0.02,0.04,0.05,0.07,0.08,0.1,0.11,0.13,0.14,0.16,0.16,0.17,0.18,0.2,0.21,0.22,0.23
Sierra Leone,MtCO2e,,,,,,,,,,,,,,,,,,,,,,,,,,,,,,,,,,,,,,,,,,,,,,,,,,,,,,,,,,,,,,,,,,,,,,,,0,0,0,0,0,0,0,0,0,0,0,0,0,0,0,0,0,0,0,0,0,0,0,0,0,0,0,0,0,0,0,0,0,0,0,0,0,0,0,0,0,0,0,0,0,0,0,0,0,0,0,0,0,0,0,0,0,0,0,0,0,0,0,0,0,0,0,0,0,0,0,0,0,0,0,0,0,0,0,0,0,0,0,0,0.01,0.01,0.01,0.01,0.01,0.01,0.01,0.01,0.01,0.01,0.01,0.01,0.01
Solomon Islands,MtCO2e,,,,,,,,,,,,,,,,,,,,,,,,,,,,,,,,,,,,,,,,,,,,,,,,,,,,,,,,,,,,,,,,,,,,,,,,,,,,,,,,,,,,,,,,,,,,,,,,,,,,,,,,,,,,,,,,,,,,,,,,,,,,,,,,,,,,,,,,,,,,,,,,,,,,,,,,,,,,,,,,,,,,,,,,
Somalia,MtCO2e,,,,,,,,,,,,,,,,,,,,,,,,,,,,,,,,,,,,,,,,,,,,,,,,,,,,,,,,,,,,,,,,,,,,,,,,0,0,0,0,0,0,0,0,0,0,0,0,0,0,0,0,0,0,0,0,0,0,0,0,0,0,0,0,0,0,0,0,0,0,0,0,0,0,0,0,0,0,0,0,0,0,0,0,0,0,0,0,0,0,0,0,0,0,0,0,0,0,0,0,0,0,0,0,0,0,0,0,0,0,0,0,0,0,0,0,0,0,0,0,0,0,0,0,0,0,0,0,0,0,0,0,0
South Sudan,MtCO2e,,,,,,,,,,,,,,,,,,,,,,,,,,,,,,,,,,,,,,,,,,,,,,,,,,,,,,,,,,,,,,,,,,,,,,,,,,,,,,,,,,,,,,,,,,,,,,,,,,,,,,,,,,,,,,,,,,,,,,,,,,,,,,,,,,,,,,,,,,,,,,,,,,,,,,,,,,,,,,,,,,,,,,,,
Sri Lanka,MtCO2e,,,,,,,,,,,,,,,,,,,,,,,,,,,,,,,,,,,,,,,,,,,,,,,,,,,,,,,,,,,,,,,,,,,,,,,,,,,,,,,,,,,,,,,,,,,,,,,,,,,,,,,,,,,,,,,,,,,,,,,,,,,,,,,,,,,,,,,,,,,,,,,,,,,,,,,,,,,,,,,,,,,,,,,,
Sudan,MtCO2e,,,,,,,,,,,,,,,,,,,,,,,,,,,,,,,,,,,,,,,,,,,,,,,,,,,,,,,,,,,,,,,,,,,,,,,,,,,,,,,,,,,,,,,,,,,,,,,,,,,,,,,,,,,,,,,,,,,,,,,,,,,,,,,,,,,,,,,,,,,,,,,,,,,,,,,,,,,,,,,,,,,,,,,,
Switzerland,MtCO2e,0,0,0,0,0,0,0,0,0,0,0,0,0,0,0,0,0,0,0,0,0,0,0,0,0,0,0,0,0,0,0,0,0,0,0,0,0,0,0,0,0,0,0,0,0,0,0,0,0,0,0,0,0,0,0,0,0,0,0,0,0,0,0,0,0,0,0,0,0,0,0,0,0,0.01,0.01,0.01,0.01,0.02,0.02,0.02,0.02,0.02,0.03,0.03,0.03,0.03,0.03,0.03,0.03,0.04,0.04,0.04,0.04,0.04,0.04,0.05,0.05,0.05,0.06,0.06,0.06,0.07,0.07,0.07,0.08,0.08,0.08,0.09,0.09,0.1,0.1,0.11,0.11,0.12,0.13,0.13,0.14,0.15,0.15,0.16,0.15,0.16,0.15,0.16,0.15,0.15,0.16,0.17,0.18,0.2,0.21,0.2,0.19,0.19,0.2,0.2,0.22,0.21,0.2,0.21,0.26,0.24,0.24,0.19,0.21,0.36,0.41,0.51,0.63,0.7,0.83,0.91,1.01,1.14,1.26,1.3,1.4,1.48,1.53,1.49,1.5,1.58,1.7,1.71,1.75,1.79,1.72,1.74
Sweden,MtCO2e,0,0,0,0,0,0,0,0,0,0,0,0,0,0,0,0,0,0,0,0,0,0,0,0,0,0,0,0,0,0,0,0,0,0,0,0,0,0,0,0,0,0,0,0,0,0,0,0,0,0,0,0,0,0,0,0,0,0,0,0,0,0.01,0.01,0.01,0.01,0.01,0.01,0.01,0.01,0.01,0.01,0.01,0.01,0.02,0.02,0.03,0.04,0.05,0.05,0.06,0.07,0.07,0.08,0.08,0.09,0.09,0.09,0.1,0.1,0.11,0.11,0.12,0.12,0.13,0.13,0.14,0.14,0.15,0.16,0.17,0.17,0.18,0.19,0.2,0.21,0.22,0.23,0.25,0.26,0.27,0.29,0.3,0.32,0.33,0.35,0.37,0.39,0.41,0.42,0.44,0.45,0.52,0.53,0.58,0.57,0.56,0.61,0.62,0.63,0.66,0.66,0.68,0.69,0.7,0.73,0.76,0.71,0.72,0.69,0.67,0.68,0.69,0.51,0.58,0.67,0.8,0.81,0.96,1.02,1.21,1.26,1.34,1.46,1.49,1.58,1.67,1.64,1.68,1.58,1.27,1.39,1.38,1.23,1.18,1.24,1.22,1.24,1.22
Tajikistan,MtCO2e,0,0,0,0,0,0,0,0,0,0,0,0,0,0,0,0,0,0,0,0,0,0,0,0,0,0,0,0,0,0,0,0,0,0,0,0,0,0,0,0,0,0,0,0,0,0,0.01,0.01,0.01,0.01,0.01,0.01,0.01,0.01,0.01,0.01,0.01,0.01,0.01,0.01,0.01,0.02,0.02,0.02,0.02,0.02,0.02,0.02,0.02,0.02,0.02,0.03,0.04,0.05,0.07,0.1,0.12,0.14,0.17,0.18,0.2,0.22,0.23,0.24,0.26,0.27,0.28,0.3,0.31,0.32,0.34,0.35,0.36,0.38,0.39,0.41,0.43,0.45,0.47,0.48,0.51,0.53,0.56,0.59,0.62,0.65,0.68,0.72,0.75,0.79,0.83,0.87,0.92,0.97,1.02,1.08,1.13,1.18,1.23,1.27,1.38,1.49,1.57,1.71,1.8,1.92,2.01,2.06,2.09,2.2,2.98,3.05,2.71,2.95,3.12,3.27,3.42,3.57,3.59,3.61,3.33,4.74,4.54,2.74,2.48,2.18,1.62,1.45,1.15,1.07,0.95,0.68,0.36,0.38,0.42,0.45,0.49,0.5,0.41,0.44,0.43,0.09,0.03,0.03,0.03,0.03,0.03,0.04
Suriname,MtCO2e,0,0,0,0,0,0,0,0,0,0,0,0,0,0,0,0,0,0,0,0,0,0,0,0,0,0,0,0,0,0,0,0,0,0,0,0,0,0,0,0,0,0,0,0,0,0,0,0,0,0,0,0,0,0,0,0.01,0.01,0.01,0.01,0.01,0.01,0.01,0.01,0.01,0.01,0.01,0.01,0.01,0.01,0.01,0.01,0.01,0.02,0.02,0.03,0.04,0.05,0.06,0.07,0.08,0.09,0.09,0.1,0.1,0.11,0.12,0.12,0.13,0.13,0.14,0.14,0.15,0.16,0.16,0.17,0.17,0.18,0.19,0.2,0.21,0.22,0.23,0.24,0.25,0.26,0.28,0.29,0.31,0.32,0.34,0.35,0.37,0.39,0.41,0.44,0.46,0.48,0.5,0.52,0.54,0.57,0.57,0.46,0.58,0.6,0.36,0.48,0.52,0.61,0.56,0.57,0.42,0.45,0.35,0.24,0.3,0.3,0.02,0.1,0.3,0.33,0.32,0.34,0.31,0.28,0.29,0.33,0.33,0.3,0.06,,,,,,,,,,,,,,,,,,
Eswatini,MtCO2e,,,,,,,,,,,,,,,,,,,,,,,,,,,,,,,,,,,,,,,,,,,,,,,,,,,,,,,,,,,,,,,,,,,,,,,,,,,,,,,,,,,,,,,,,,,,,,,,,,,,,,,,,,,,,,,,,,,,,,,,,,,,,,,,,,,,,,,,,,,,,,,,,,,,,,,,,,,,,,,,,,,,,,,,
Syria,MtCO2e,,,,,,,,,,,,,,,,,,,,,,,,,,,,,,,,,,,,,,,,,,,,,,,,,,,,,,,,,,,,,,,,,,,,,,,,,,,,,,,,,,,,,,,,,,,,,,,,,,,,,,,,,,,,,,,,,,,,,,,,,,,,,,,,,,,,,,,,,,,,,,,,,,,,,,,,,,,,,,,,,,,,,,,,
Tanzania,MtCO2e,,,,,,,,,,,,,,,,,,,,,,,,,,,,,,,,,,,,,,,,,,,,,,,,,,,,,,,,,,,,,,,,,,,,,,,,,,,,,,,,,,,,,,,,,,,,,,,,,,,,,,,,,,,,,,,,,,,,,,,,,,,,,,,,,,,,,,,,,,,,,,,,,,,,,,,,,,,,,,,,,,,,,,,,
Timor-Leste,MtCO2e,,,,,,,,,,,,,,,,,,,,,,,,,,,,,,,,,,,,,,,,,,,,,,,,,,,,,,,,,,,,,,,,,,,,,,,,,,,,,,,,,,,,,,,,,,,,,,,,,,,,,,,,,,,,,,,,,,,,,,,,,,,,,,,,,,,,,,,,,,,,,,,,,,,,,,,,,,,,,,,,,,,,,,,,
Togo,MtCO2e,,,,,,,,,,,,,,,,,,,,,,,,,,,,,,,,,,,,,,,,,,,,,,,,,,,,,,,,,,,,,,,,,,,,,,,,,,,,,,,,,,,,,,,,,,,,,,,,,,,,,,,,,,,,,,,,,,,,,,,,,,,,,,,,,,,,,,,,,,,,,,,,,,,,,,,,,,,,,,,,,,,,,,,,
Tokelau,MtCO2e,,,,,,,,,,,,,,,,,,,,,,,,,,,,,,,,,,,,,,,,,,,,,,,,,,,,,,,,,,,,,,,,,,,,,,,,,,,,,,,,,,,,,,,,,,,,,,,,,,,,,,,,,,,,,,,,,,,,,,,,,,,,,,,,,,,,,,,,,,,,,,,,,,,,,,,,,,,,,,,,,,,,,,,,
Tonga,MtCO2e,,,,,,,,,,,,,,,,,,,,,,,,,,,,,,,,,,,,,,,,,,,,,,,,,,,,,,,,,,,,,,,,,,,,,,,,,,,,,,,,,,,,,,,,,,,,,,,,,,,,,,,,,,,,,,,,,,,,,,,,,,,,,,,,,,,,,,,,,,,,,,,,,,,,,,,,,,,,,,,,,,,,,,,,
Trinidad and Tobago,MtCO2e,,,,,,,,,,,,,,,,,,,,,,,,,,,,,,,,,,,,,,,,,,,,,,,,,,,,,,,,,,,,,,,,,,,,,,,,,,,,,,,,,,,,,,,,,,,,,,,,,,,,,,,,,,,,,,,,,,,,,,,,,,,,,,,,,,,,,,,,,,,,,,,,,,,,,,,,,,,,,,,,,,,,,,,,
United States,MtCO2e,0.02,0.02,0.02,0.02,0.02,0.02,0.02,0.02,0.02,0.02,0.02,0.02,0.02,0.02,0.02,0.02,0.02,0.02,0.02,0.02,0.02,0.02,0.02,0.02,0.02,0.02,0.02,0.02,0.02,0.02,0.02,0.02,0.02,0.02,0.02,0.02,0.02,0.02,0.02,0.02,0.02,0.03,0.04,0.05,0.07,0.1,0.12,0.15,0.17,0.19,0.21,0.23,0.24,0.25,0.26,0.27,0.28,0.3,0.31,0.32,0.34,0.35,0.37,0.39,0.41,0.43,0.45,0.47,0.5,0.52,0.55,0.82,1.53,2.56,3.83,5.22,6.65,8.01,9.2,10.1,10.7,10.9,10.8,10.6,10.2,9.81,9.38,9.01,8.76,8.69,8.86,9.26,9.84,10.6,11.4,12.4,13.4,14.5,15.6,16.7,17.8,18.9,20.1,21.4,22.8,24.2,25.7,27.2,28.8,30.4,32.1,33.9,35.9,38.1,40.4,42.8,45.2,47.8,50.3,52.9,58.5,59.6,61.3,68.4,72.8,64.1,71.4,76.6,81.5,85.8,78.8,77.8,70.4,76,83,80.4,81,84.6,97.1,101,99.4,90.1,94.7,94.5,97.6,115,124,131,146,143,144,130,138,127,134,135,137,147,148,142,149,155,150,149,153,154,153,155
United Kingdom,MtCO2e,0,0,0,0,0,0,0,0,0,0,0,0,0,0,0,0,0,0,0,0,0,0,0,0,0,0,0,0,0,0,0,0,0,0,0,0,0,0,0,0,0,0,0,0,0,0,0,0,0,0,0,0,0,0,0,0,0,0,0,0.01,0.01,0.01,0.01,0.01,0.01,0.01,0.01,0.01,0.01,0.01,0.01,0.07,0.24,0.49,0.8,1.13,1.46,1.76,2.02,2.19,2.26,2.21,2.08,1.89,1.65,1.4,1.14,0.91,0.71,0.58,0.54,0.55,0.58,0.63,0.69,0.76,0.83,0.91,1,1.09,1.18,1.27,1.37,1.48,1.61,1.74,1.89,2.05,2.21,2.39,2.57,2.78,3.03,3.31,3.62,3.96,4.32,4.71,5.13,5.56,6.36,6.92,7.65,9.24,10.3,9.47,11.1,12.6,13.3,14.1,14.8,14.4,13.2,14.7,15.5,15.3,16.2,16.7,18.9,19.8,17.3,17.7,17.7,18.3,19.5,21,22.2,24.9,21.9,13.5,12.3,12.9,13.3,14.5,13.5,14.6,15.3,15.6,16,16.4,17.5,16,16.3,16.6,16.8,16.8,16.1,15.1
Turkey,MtCO2e,0,0,0,0,0,0,0,0,0,0,0,0,0,0,0,0,0,0,0,0,0,0,0,0,0,0,0,0,0,0,0,0,0,0,0,0,0,0,0,0,0,0,0,0,0,0,0,0,0,0,0,0,0,0,0,0,0,0,0,0,0,0,0,0,0,0,0,0,0,0,0,0,0,0,0,0,0,0,0,0,0,0,0,0,0,0,0,0,0,0,0,0,0,0,0,0,0,0,0,0,0,0,0,0,0,0,0,0,0,0,0,0,0,0,0,0,0,0,0,0,0,0,0,0,0.03,0.24,0.49,0.67,0.42,0.41,0.44,0.53,0.47,0.4,0.5,0.71,0.79,0.55,0.74,0.75,0.64,0.88,0.74,0.42,0.72,0.62,0.6,0.61,0.67,0.67,0.73,0.84,1.02,1.23,1.51,1.72,1.9,2.31,2.45,2.39,3.54,3.94,4.64,4.77,5.07,4.84,6.29,8.19
United Arab Emirates,MtCO2e,,,,,,,,,,,,,,,,,,,,,,,,,,,,,,,,,,,,,,,,,,,,,,,,,,,,,,,,,,,,,,,,,,,,,,,,,,,,,,,,,,,,,,,,,,,,,,,,,,,,,,,,,,,,,,,,,,,,,,,,,,0.01,0.02,0.05,0.08,0.15,0.18,0.22,0.26,0.33,0.4,0.35,0.34,0.31,0.35,0.36,0.38,0.4,0.39,0.44,0.89,0.99,0.92,0.79,0.66,0.6,0.66,0.75,0.72,0.82,0.88,0.9,0.91,0.94,1.03,1.07,1.18,1.24,1.29,1.33,1.4,1.42,1.47,1.52,1.57,1.62,1.67,1.72
Uruguay,MtCO2e,,,,,,,,,,,,,,,,,,,,,,,,,,,,,,,,,,,,,,,,,,,,,,,,,,,,,,,,,,,,,,,,,,,,,,,,0,0,0,0,0,0,0,0,0,0,0,0,0,0,0,0,0,0,0,0,0,0,0,0,0,0,0,0,0,0,0,0,0,0,0,0,0,0,0,0,0,0,0,0,0,0,0,0,0,0,0,0,0,0,0,0,0,0,0,0,0,0,0,0,0,0,0,0,0,0,0,0,0,0,0,0,0,0,0,0,0.01,0.02,0.02,0.01,0.02,0.03,0.09,0.14,0.09,0.04,0.02,0,0.11,0.3,0.15,0.16,0.17
Uzbekistan,MtCO2e,,,,,,,,,,,,,,,,,,,,,,,,,,,,,,,,,,,,,,,,,,,,,,,,,,,,,,,,,,,,,,,,,,,,,,,,0,0,0,0,0,0,0,0,0,0,0,0,0,0,0,0,0,0,0,0,0,0,0,0,0,0,0,0,0,0,0,0,0,0,0,0,0,0,0,0,0,0,0,0,0,0,0,0,0,0,0,0,0,0,0,0,0,0,0,0,0,0,0,0,0,0,0,0,0,0,0,0,0,0,0,0,0,0,0.01,0.01,0.01,0,0.01,0.05,0.01,0.04,0.01,0.04,0.02,0.03,0.09,0.11,0.07,0.08,0.08,0.09,0.1
Saint Kitts and Nevis,MtCO2e,,,,,,,,,,,,,,,,,,,,,,,,,,,,,,,,,,,,,,,,,,,,,,,,,,,,,,,,,,,,,,,,,,,,,,,,0,0,0,0,0,0,0,0,0,0,0,0,0,0,0,0,0,0,0,0,0,0,0,0,0,0,0,0,0,0,0,0,0,0,0,0,0,0,0,0,0,0,0,0,0,0,0,0,0,0,0,0,0,0,0,0,0,0,0,0,0,0,0,0,0,0,0,0,0,0,0,0,0,0,0,0,0,0,0,0,0,0,0,0,0,0,0,0.01,0.01,0.01,0.01,0.01,0.01,0.01,0.01,0.01,0.01
Tunisia,MtCO2e,0,0,0,0,0,0,0,0,0,0,0,0,0,0,0,0,0,0,0,0,0,0,0,0,0,0,0,0,0,0,0,0,0,0,0,0,0,0,0,0,0,0,0,0,0,0,0,0,0,0,0,0,0,0,0,0,0,0,0,0,0,0,0,0,0,0,0,0,0,0,0,0,0,0,0,0,0,0,0,0,0,0,0,0,0,0,0,0,0,0,0,0,0,0,0,0,0,0,0,0,0,0,0,0,0,0,0,0,0,0,0,0,0,0,0,0,0,0,0,0,0,0,,0,0,0,0,0,0,0,0,0,,,,,,,,,,,,,,,,,,,,,,,,,,,,,,,,,,,,
Turks and Caicos Islands,MtCO2e,,,,,,,,,,,,,,,,,,,,,,,,,,,,,,,,,,,,,,,,,,,,,,,,,,,,,,,,,,,,,,,,,,,,,,,,,,,,,,,,,,,,,,,,,,,,,,,,,,,,,,,,,,,,,,,,,,,,,,,,,,,,,,,,,,,,,,,,,,,,,,,,,,,,,,,,,,,,,,,,,,,,,,,,
Tuvalu,MtCO2e,,,,,,,,,,,,,,,,,,,,,,,,,,,,,,,,,,,,,,,,,,,,,,,,,,,,,,,,,,,,,,,,,,,,,,,,,,,,,,,,,,,,,,,,,,,,,,,,,,,,,,,,,,,,,,,,,,,,,,,,,,,,,,,,,,,,,,,,,,,,,,,,,,,,,,,,,,,,,,,,,,,,,,,,
Uganda,MtCO2e,,,,,,,,,,,,,,,,,,,,,,,,,,,,,,,,,,,,,,,,,,,,,,,,,,,,,,,,,,,,,,,,,,,,,,,,,,,,,,,,,,,,,,,,,,,,,,,,,,,,,,,,,,,,,,,,,,,,,,,,,,,,,,,,,,,,,,,,,,,,,,,,,,,,,,,,,,,,,,,,,,,,,,,,
Ukraine,MtCO2e,0,0,0,0,0,0,0,0,0,0,0,0,0,0,0,0,0,0,0,0,0,0,0,0,0,0,0,0,0,0,0,0,0,0,0,0,0,0,0,0,0,0,0,0,0,0,0,0,0,0,0,0,0,0,0,0,0,0,0,0,0,0,0,0,0,0,0,0,0,0,0,0,0,0,0.01,0.01,0.01,0.01,0.01,0.02,0.02,0.02,0.02,0.02,0.02,0.02,0.03,0.03,0.03,0.03,0.03,0.03,0.03,0.03,0.04,0.04,0.04,0.04,0.04,0.04,0.05,0.05,0.05,0.05,0.06,0.06,0.06,0.06,0.07,0.07,0.07,0.08,0.08,0.09,0.09,0.1,0.1,0.1,0.11,0.11,0.12,0.13,0.14,0.15,0.16,0.17,0.18,0.18,0.18,0.19,0.19,0.2,0.2,0.23,0.24,0.25,0.26,0.27,0.26,0.26,0.24,0.19,0.14,0.14,0.16,0.18,0.15,0.15,0.13,0.12,0.13,0.14,0.16,0.18,0.28,0.43,0.52,0.72,0.83,0.73,0.78,0.92,0.94,0.97,0.94,0.87,0.98,1.11
Vanuatu,MtCO2e,,,,,,,,,,,,,,,,,,,,,,,,,,,,,,,,,,,,,,,,,,,,,,,,,,,,,,,,,,,,,,,,,,,,,,,,,,,,,,,,,,,,,,,,,,,,,,,,,,,,,,,,,,,,,,,,,,,,,,,,,,,,,,,,,,,,,,,,,,,,,,,,,,,,,,,,,,,,,,,,,,,,,,,,
Vietnam,MtCO2e,,,,,,,,,,,,,,,,,,,,,,,,,,,,,,,,,,,,,,,,,,,,,,,,,,,,,,,,,,,,,,,,,,,,,,,,,,,,,,,,,,,,,,,,,,,,,,,,,,,,,,,,,,,,,,,,,,,,,,,,,,,,,,,,,,,,,,,,,,,,,,,,,,,,,,,,,,,,,,,,,,,,,,,,
Yemen,MtCO2e,,,,,,,,,,,,,,,,,,,,,,,,,,,,,,,,,,,,,,,,,,,,,,,,,,,,,,,,,,,,,,,,,,,,,,,,,,,,,,,,,,,,,,,,,,,,,,,,,,,,,,,,,,,,,,,,,,,,,,,,,,,,,,,,,,,,,,,,,,,,,,,,,,,,,,,,,,,,,,,,,,,,,,,,
Zambia,MtCO2e,,,,,,,,,,,,,,,,,,,,,,,,,,,,,,,,,,,,,,,,,,,,,,,,,,,,,,,,,,,,,,,,,,,,,,,,0,0,0,0,0,0,0,0,0,0,0,0,0,0,0,0,0,0,0,0,0,0,0,0,0,0,0,0,0,0,0,0,0,0,0,0,0,0,0,0,0,0,0,0,0,0,0,0,0,0,0,0,0,0,0,0,0,0,0,0,0,0,0,0,0,0,0,0,0,0,0,0,0,0,0,0,0,0,0,0,0,0,0,0,0,0,0,0,0,0,0,0,0,0,0,0,0
Zimbabwe,MtCO2e,,,,,,,,,,,,,,,,,,,,,,,,,,,,,,,,,,,,,,,,,,,,,,,,,,,,,,,,,,,,,,,,,,,,,,,,,,,,,,,,,,,,,,,,,,,,,,,,,,,,,,,,,,,,,,,,,,,,,,,,,,,,,,,,,,,,,,,,,,,,,,,,,,,,,,,,,,,,,,,,,,,,,,,,
Data source,PIK
Data for,Countries/Regions: World. Sectors/Subsectors: Total excluding LULUCF. Gases: F-Gas. Calculation: Total. Show data by Countries